timestamp,ax1,ay1,az1,ax2,ay2,az2,temperature,vibration
0.0,0.09934283060224654,0.972347139765763,0.1295377076201385,0.3046059712816051,0.7531693250553329,-0.04682739138983611,25.47376384465222,0
0.010005002501250625,0.18491341297119984,0.9056111894094359,0.11479817157480975,-0.06754236484999797,0.7064589025630896,0.05342138459930027,24.42601592660266,0
0.02001000500250125,-0.28216167738512454,0.8855672484779247,-0.18999489200302777,0.11310697781304044,0.6168149883566533,-0.2724036746159727,25.439694630676467,0
0.030015007503751877,0.048999991338017454,1.0090631674658868,-0.2660951231182813,-0.03355234375677686,0.8186305391646148,-0.21511510418493254,25.1127094055037,0
0.0400200100050025,0.005267862921794514,0.9337680705367661,-0.0952066065868066,0.470772117626232,0.7909860114487505,-0.19143441310392187,25.246763473630956,0
0.05002501250625312,-0.08765665377031495,1.02944876406638,-0.3605230802172141,-0.1404275488005745,0.829513083226168,0.1728220716460749,25.051410484356992,0
0.060030015007503754,0.1643442819795561,0.9220488381364439,-0.2580221899311587,0.0060103090868216524,0.6936879076114838,0.24157021175764457,25.103085486870537,0
0.07003501750875438,-0.13435742966303496,1.040709551811093,-0.033068940769687374,0.03921608106641772,0.9030494641138807,0.24135791675005097,25.27938403573486,0
0.080040020010005,0.08096815719251926,0.9067094113768264,0.11645856199847515,0.39415835489410944,0.6790066616685975,0.0030329052414464694,24.668099507798193,0
0.09004502251125562,0.03988560466648797,1.1227593793811244,0.32770430581239723,0.20889951927003095,0.9689099515002327,0.11749224508811296,24.806464073618464,0
0.10005002501250625,0.3814455780012631,1.2586152532853687,0.05553259263078745,0.5602618966824655,0.236857331175791,0.214538741237267,25.02611412047145,0
0.11005502751375687,0.27909909894271057,0.9591743512119132,-0.32858439273037265,0.22718607766120485,0.8240802710261995,0.350722321100148,24.844518934517907,0
0.12006003001500751,0.2066011719704764,0.8293556360817815,0.25823050782470786,0.3603901359712281,0.6378135950855433,0.16277355405010563,25.02912326480441,0
0.13006503251625812,0.5910643829299962,0.7772628481871665,0.01582647011393122,0.23944667723230323,0.4414357839436859,0.12431117495970312,25.078316581653965,0
0.14007003501750875,0.4270010539882429,0.8578159232937433,-0.19551929419775502,0.2566536255747288,0.6552437766696644,-0.09041157047446151,24.9516142865002,0
0.15007503751875936,0.5350107019739561,1.2681366571712611,0.12865253179496988,0.41487050263339154,0.6978303983900906,-0.3087646676769266,24.992045837365236,0
0.16008004002001,0.4940200509225719,1.3688339363648312,0.06143207432150927,0.44588867561421575,0.6940060571531705,-0.1538121937017194,25.342846844354508,0
0.17008504252126064,0.6596579676697056,1.0188123856289488,-0.07582171746168638,0.6879759510931005,0.40811458441781534,0.20221603755786322,25.657136687742994,0
0.18009004502251125,0.33795835603070373,0.7309167685546522,0.13212078853846027,0.32815736602223333,0.3652083653669388,0.10346500737795108,24.681308885882167,0
0.19009504752376188,0.6570488056748733,0.643027852122863,0.4282944046359107,0.29321359717102224,0.5971178559345638,0.2573494623798562,24.63074070506981,0
0.2001000500250125,0.6335314975023247,1.0702607547128054,-0.19709081599372208,0.5073583801716599,0.6990423219347406,0.2558892390902809,24.628914786736576,0
0.21010505252626313,0.34907647428451055,0.8943410033796539,0.1898814080688137,0.540632807590268,0.7012517941044146,-0.03161736557795697,25.0696761091483,0
0.22011005502751374,0.6963048497671984,0.6274225250090344,0.5096973925236,0.6049188682683273,0.3779735474509166,0.24054471396248492,24.707595498931802,0
0.23011505752876438,0.8189998809270003,0.9815910960764077,-0.021557539722829283,0.7219415939916722,0.6824537696072412,0.27847517115690823,25.569037894796185,0
0.24012006003001501,0.6357443862024486,0.5779631454251244,-0.029310065721111916,0.3846955505293304,0.5675479607544771,0.18710465112652297,25.083007239799006,0
0.25012506253126565,0.872821195502847,0.7094292858991559,0.4452900438812536,0.5129762699089225,1.1094969593367834,0.24880005231283342,24.742852733075114,0
0.26013006503251623,0.5150697806634573,0.7807436669830891,0.11585664471817754,0.7261987230389623,0.6420468720622706,0.11387357889530364,24.74596188457948,0
0.27013506753376687,0.44742216974829074,0.5716905228752986,0.33776955603021974,0.6431320405744118,0.2796470548885646,0.1678280229026566,25.115595213918652,0
0.2801400700350175,0.5940221748865115,0.6678298902805414,0.1840458192578658,0.3880408701352659,0.5812253673428054,0.25008016572857955,25.32491537295258,0
0.29014507253626814,1.0011946785010184,0.33701299630723924,-0.009273905857997145,0.7353544679169624,0.5927946861013678,0.24564241896123154,26.155819447196418,0
0.3001500750375187,0.9234721324232887,0.8145168840214041,0.3749502989731974,0.7777134744888838,0.4068691558601583,0.29911380111829905,24.76815243563873,0
0.31015507753876936,0.7799905964175303,0.46460765583315866,0.20635450978924832,1.1248151675471276,0.07589125380083384,0.28923578360448976,24.516185238643104,0
0.32016008004002,0.7502109162202515,0.7531922288169435,0.20863539135230139,0.46012887591664936,0.2852609456867825,0.29254305981350226,24.78089001048486,0
0.33016508254127064,0.9042976292795557,0.5177093154563477,0.07122807685980265,1.1175935469555938,0.5336597624440702,-0.24379000022674857,25.05593629443083,0
0.3401700850425213,0.7442066812339123,0.6517720284200503,0.048780898903194175,0.6783038910566922,0.4860257449647359,0.3389790761058118,24.639911077883266,0
0.35017508754377186,0.8243558613893881,0.35851126738048184,0.08232333481513293,1.0660957349022815,0.44379660588232955,-0.08178544580310879,25.275358584116432,0
0.3601800900450225,1.329499040003781,0.6317603519521153,-0.08521434423982657,0.627207425907753,0.5935960697108333,0.03339382603702476,25.13314582844387,0
0.37018509254627313,1.072912216892366,0.21122806830580276,0.21239048191201243,0.08613485695138434,0.11241380183027752,0.1289228122208659,24.625665045410546,0
0.38019009504752377,1.256478425285833,0.08154094784232824,0.14188710564543416,0.770145047056823,0.582310036560787,-0.10325562784802314,25.348949125646488,0
0.39019509754877435,0.9431348226547468,0.14185944460274014,0.32788080812402226,0.7926825074753576,0.15048556441810532,0.2023285076150983,24.88440592094147,0
0.400200100050025,0.9739540556467003,0.4408452028943521,0.5581903676962537,0.5134373695117909,0.6733419293233676,-0.19762795633075375,24.954464471489324,0
0.4102051025512756,1.0781366951592093,0.3345706577550026,0.12193589897456439,0.7267541530183801,0.1240976404346303,0.07930769096210423,25.254880629106307,0
0.42021010505252626,1.040150198674503,0.10946858663411993,0.431845616160227,0.8364575853605167,0.36101282831679266,0.3274662812435839,24.75130149672338,0
0.4302151075537769,0.8640277479552253,0.36694240732809424,0.3794097105047123,0.7766708460028658,0.19745242570450988,0.46140150509210043,24.82252858334925,0
0.4402201100550275,1.0918360655579724,0.14626349151905885,0.21916875616733641,1.00568864185661,0.3144448874022761,0.3728659246503521,25.3916436421463,0
0.4502251125562781,0.991999494240478,0.2921265152368592,0.2059794592097295,0.8550722512288293,0.09856012590875618,0.23382544142128023,25.178547107631076,0
0.46023011505752875,0.82856091228372,0.5430934287399728,0.07211478009950789,0.5509263165867853,0.33131495358231816,0.37698714391214583,25.187235945115646,0
0.4702351175587794,1.1213003073660364,0.09092356767454947,0.09910962466027451,0.8116658760492895,-0.06073400450727642,0.41787234584950295,24.95588278554936,0
0.48024012006003003,0.832974371717357,-0.0022395374561859707,0.36634500041823215,0.6857141382998926,-0.1148139744137561,0.2757444099488683,25.073489971332616,0
0.4902451225612806,0.8981418175752673,-0.06356660653510621,0.33532205400879755,0.51000749382013,-0.2569799112044644,0.08744080897932907,24.935965854486447,0
0.5002501250625313,1.0621812043858228,0.29428545241185017,0.4655516799311533,0.768012047020292,-0.00443187436298597,0.03470993130503777,24.994446059202282,0
0.5102551275637819,0.9417493355967628,0.03233185177976383,0.1336347797426576,0.9034541535528668,0.28077829437023233,0.21751274507112625,25.120513516629682,0
0.5202601300650325,1.1360038796706955,-0.14385020294724007,0.34891340236242874,0.8008985452191374,-0.03134966714629191,0.08867396802918301,25.007353052277683,0
0.5302651325662832,1.0950828910680406,0.19529119907010456,0.5009149405982556,1.2270230777574718,-0.22941953056873296,0.42171274764910704,25.055002601721505,0
0.5402701350675337,1.4299685661101889,-0.28783480785154525,0.1460334232064855,0.6737278544845191,-0.5257192654863734,0.1460312289779604,24.77226020153389,0
0.5502751375687843,1.0176315116542594,-0.08893693967335134,0.6940793453969083,0.9801269711244244,-0.24121123899550723,0.07539320777331329,25.147575751451953,0
0.560280140070035,0.7180753172609142,0.17804601402137454,0.5595501878728993,0.6918624365110932,-0.49322349713777247,0.5297042058159962,24.965638046424214,0
0.5702851425712856,1.223284219682224,-0.5379029135117896,0.20855298415744267,0.7816255057736621,-0.1658177866493846,0.17272929670270903,25.18685497970425,0
0.5802901450725363,0.7548319876867593,-0.2780485613589731,0.35720102562262507,0.8775726256623725,-0.05733515586599358,0.041585101056622414,24.539765748779313,0
0.5902951475737869,1.2155699473961536,-0.21341860000950663,0.18810584288742702,1.0782580615176662,-0.20077019506576824,0.5061019569717555,25.020255544423033,0
0.6003001500750375,1.3629142911477472,0.04115451357987976,0.29261817500569653,0.954925955127951,-0.11885573400997942,0.5476551152676787,24.71052296182597,0
0.6103051525762881,1.0777658924313016,-0.12795485662941403,-0.0047831628578688945,0.5157927778121361,-0.6795582387514855,0.22369042065249162,25.21526267673879,0
0.6203101550775387,1.2298887614531404,-0.35421137816658305,0.677186728682395,0.46751358918416946,-0.6359007552714615,0.27006135587518554,25.115219634681793,0
0.6303151575787894,0.9108220114663634,-0.8115447816916836,0.3380829410860353,0.47299486876717506,-0.18451057958095887,0.35804520841024406,24.718036064101792,0
0.64032016008004,0.8016249572254619,-0.6385318668275871,0.34775820087809367,0.9145471366544882,-0.5384965392269463,0.3890445193697514,24.84092271448827,0
0.6503251625812906,0.7319677287467404,-0.4763065231462433,0.15757567565396507,0.601703975089931,-0.6034959394420351,0.6846443386935499,25.010579065591518,0
0.6603301650825413,0.7358614109333127,-0.4398663766577695,0.3464310140053688,0.6564512901188193,-0.26329654703500605,0.44661884116428885,24.84084965571684,0
0.6703351675837919,0.7450419015523005,-0.5649577997609022,-0.08727343654719777,0.38512622730527885,-0.1345831147755538,0.6274821798201922,24.925289188133085,0
0.6803401700850426,0.9590662109319421,-0.47447877077837636,0.9930421530654006,0.8989188369435464,-0.45496655964582017,0.11070470497939733,24.518066103922727,0
0.6903451725862931,0.867163296755396,-0.7142500755328273,0.09691081013720887,0.5318618788170558,-0.6666935419036523,0.642517568659908,25.264491927084833,0
0.7003501750875437,0.8067753497370163,-0.29268607430438853,0.4008704925928927,0.4744390621346191,-0.16631510621198348,0.41609947358762694,24.688826153702063,0
0.7103551775887944,0.751402889031632,-0.7889119959698042,0.11281124434634104,0.8168120092250112,-0.10914734814025606,0.03178343766753838,25.16889077100717,0
0.720360180090045,0.639662965646694,-0.7357205241233223,0.2748052174109938,0.44303502964088437,-0.5009320323073412,0.1484371785248066,25.08113704773395,0
0.7303651825912957,0.7393042609529431,-0.709961607935585,0.2156219153170645,0.4841272401605499,-0.3786593536846913,0.4178911557051834,24.706733426560433,0
0.7403701850925463,0.7480384874483932,-0.5351169873418629,0.067041462044716,0.6912096595660254,-0.6808402814021459,0.43485774833382423,24.771022253037245,0
0.7503751875937968,0.345296412774685,-1.033448234657335,0.4142640044746041,0.6169627666703674,-0.7472151226854438,0.45143610386933697,24.501543981319312,0
0.7603801900950475,0.6704599762347463,-0.971988971920075,0.27794032805515717,0.5564204830346505,-0.7559112586308574,0.24973493084650616,25.301887842764334,0
0.7703851925962981,0.5450252843522164,-0.5837723633404955,0.1859621721379561,0.6342837621885336,-0.3124149044712391,-0.16480606556987404,24.76093142335886,0
0.7803901950975487,0.75189341513228,-0.8119031169076877,0.4896636017609415,0.3883861544137735,-0.5997172742646913,0.3012120945909279,25.350334618497943,0
0.7903951975987994,0.6628097333283729,-0.7233948254492445,0.33652425031719924,0.3920192069200056,-0.7192439238553522,0.4140101433090136,24.873704655753922,0
0.80040020010005,0.6447226100655905,-0.3946751972710956,0.5965235853754076,0.4042094045154781,-0.4075615011673578,0.256223841146945,24.388562639446643,0
0.8104052026013007,0.3594128022472376,-1.201953809902163,0.35532819644172603,0.4525077273824851,-0.3269488781025369,0.40589018935282273,24.93426984135734,0
0.8204102051025512,0.7006193834333645,-1.2872448045712224,0.4760187741188968,0.5819636525347267,-0.9717314433716846,0.5718674986391328,25.101548922248323,0
0.8304152076038018,0.42486063699777965,-0.7348489216415087,0.8862316078990865,0.442707826834051,-0.6394801186301454,0.25380224916251704,24.745046689160564,0
0.8404202101050525,0.6466635801179975,-1.048158658439364,0.4495351568408818,0.28894564409429535,-0.6057575494567942,0.4149099485749923,25.31126198327737,0
0.8504252126063031,0.35079656882160803,-0.945587176922943,0.2425292439373334,0.27338122685882366,-0.6378296532824447,0.5020233130041063,24.72335040274671,0
0.8604302151075538,0.5984771584563926,-0.634274120622742,0.5239597663680027,0.7150039420598217,-0.8790791937277005,0.10408728791632657,24.466383925328717,0
0.8704352176088044,0.6951015578208795,-0.7874236473533429,0.43307689834891067,0.3727078816823983,-0.9597352323589989,0.8445054619481667,25.038766354592568,0
0.880440220110055,0.3887172862787043,-0.785131385178125,0.5432465121355954,0.3382474667420069,-0.9023226590553531,0.4519294040578013,25.56460734894251,0
0.8904452226113057,0.6065055810162177,-0.6227163185775288,0.34758169957864765,0.07201629337646145,-0.7782402991442563,0.3710048503496467,25.328257455541284,0
0.9004502251125562,-0.03082143730102732,-0.6455825819422287,0.4209323205848292,0.1607609769240652,-0.9636149917195148,0.03105578586734775,25.246951175188574,0
0.9104552276138069,0.29228106048519686,-1.2186838797094408,0.19615567946181156,0.15493703377998724,-0.4347490547511055,0.3122188768269069,24.549057114064567,0
0.9204602301150575,0.19814058355512615,-1.0234864321955464,-0.08164030991563725,0.18697238379428957,-0.8213402806385455,0.5054308879008254,25.554686828483604,0
0.9304652326163081,0.442029642817803,-1.030012289480245,0.23892506740570474,0.6880452701765734,-0.7691439542925255,0.37097005770582037,24.992762473867,0
0.9404702351175588,0.22554694242560072,-1.0114350771680456,0.34791832983857696,0.03937220396954534,-0.7926010498698054,0.2614356307449464,24.78614626519685,0
0.9504752376188094,0.1762457151083443,-1.0389162403129286,0.7657966799662906,-0.4062262260226305,-0.5720352670785137,0.6212155042993281,24.377982930277554,0
0.9604802401200601,0.055298750537815244,-1.0665908379101385,0.18576959227097345,-0.056494322035067074,-1.01595730086195,0.7242716336563547,25.28070351794424,0
0.9704852426213106,0.34690155439662157,-0.8513698569194438,0.24366156443909015,-0.030831624937722887,-0.698688503536889,0.13115197316763977,25.213899529051716,0
0.9804902451225612,0.013188254693492135,-1.0730864130573214,0.6137896905432622,0.13785532975730327,-0.8706910344017376,0.6091441181949007,24.67568100172003,0
0.9904952476238119,0.15304274450549432,-0.8809339699312574,0.4117396419908669,0.08911110294173685,-1.049866092497008,0.5637245477243122,24.944529359067104,0
1.0005002501250626,-0.10611618557472798,-0.7901969198976997,0.3347565551896736,-0.28294952444944804,-1.1113248467568428,0.5017022249077083,24.615871194251117,0
1.0105052526263132,0.31796160285156155,-1.4158413245947692,0.8168177484912335,0.015805706604274536,-0.8189069767884983,0.2730373625047907,25.11974083430562,0
1.0205102551275638,-0.07191722923292534,-0.7772644157102873,0.5021977036720304,-0.02145187870598902,-0.8710622761336444,0.37209261440748453,25.092340530667617,0
1.0305152576288144,-0.4377534134529679,-1.2650454088521423,0.629754920834394,-0.04240270031172582,-0.8331233268153356,0.3885684682369595,25.1042745116085,0
1.040520260130065,-0.2349065588082845,-1.1475694709856068,0.5219450335129786,-0.2972382537201362,-0.7118762695812211,0.045704065147185724,25.308746691197694,0
1.0505252626313157,-0.06354459983074881,-0.9362229070080451,0.6809117475298496,0.20664361184182944,-0.5870690700930302,0.019323994326268357,24.61612690997929,0
1.0605302651325663,-0.31398113914528736,-0.976755523605171,0.5894263583385828,-0.2963627015156144,-0.7482256340224546,0.2376390569251421,24.816544659102416,0
1.070535267633817,-0.5011162462298375,-1.1601952033890752,0.2170018314577633,-0.37100187208362106,-0.5697104840119476,0.19999122429843544,25.789714619451217,0
1.0805402701350675,-0.15166993259318037,-0.9311924379120539,0.31703436142943675,-0.06020483433368831,-0.8896552953683776,0.4153666969016159,25.76802536148064,0
1.090545272636318,-0.2998476824554719,-0.7299596930832757,0.34936054776629477,-0.2315062601078259,-0.41369135954522673,0.2666032546756243,25.543734567399078,0
1.1005502751375686,-0.16911027446521978,-1.0630142404630185,0.6176898424730866,-0.054017639319705935,-0.6360547157838928,0.07892169175149466,24.78185884725254,0
1.1105552776388194,-0.3898824563565512,-0.9551751100158556,0.616477530933958,-0.2367627832103495,-1.0192996110986974,0.46991405934025055,25.183175723585148,0
1.12056028014007,-0.2578024585014959,-0.7129709382731952,0.6601845346067181,-0.20397242262447574,-0.7573348089990252,0.06252789625435162,25.128885465739774,0
1.1305652826413206,-0.3572395553244867,-0.8627321213280214,0.2390293892388981,-0.5352329822873396,-0.5230077403470962,0.38759225275103704,25.20445020921179,0
1.1405702851425712,-0.4217360235470362,-0.8981115450810456,0.6829367199868199,-0.44512870466197757,-0.7040260629959592,0.30376890929228784,24.869651131770304,0
1.1505752876438218,-0.5174345155070726,-0.8457578092615461,0.40035280013251173,-0.11332884753597167,-0.8910691113145318,0.35950769073989397,24.868080682517746,0
1.1605802901450726,-0.19395483377576778,-0.8361160151114633,0.7032155792948037,-0.6837924031246059,-0.6469315231571708,0.5754034962455489,25.024685196782627,0
1.1705852926463232,-0.29752716963971404,-0.9632622620131889,0.7793817700093213,0.051281029001622624,-0.7604113696824234,0.3089093212976099,25.43601534313531,0
1.1805902951475737,-0.22147722175856138,-0.9479048066057988,0.41406188754661116,-0.48627024249586454,-0.9435563431469716,0.21474901147578646,24.698757769974378,0
1.1905952976488243,-0.7171886988030818,-0.8329649073528727,0.5454504321071467,-0.1408032500629895,-0.8604931520481713,0.5957504681751908,24.935803346732346,0
1.200600300150075,-0.5992026720261214,-0.6729431545688658,0.27449250122547,-0.39496599483969774,-0.6130352007591381,0.4977197772319736,25.086750593172347,0
1.2106053026513257,-0.12334848670777154,-0.9165360684181982,0.39318805190143363,-0.6161549170369132,-0.742285881086399,0.2720325288601342,25.356704959332266,0
1.2206103051525763,-0.3547992959086028,-0.8834389337564423,0.33318792766129135,-0.4168370051279783,-0.7258763488614319,0.5263135973768118,25.06087690625539,0
1.2306153076538269,-0.9659094510758164,-0.4393302824441262,0.8590271953664428,-0.6527662405579733,-0.6766053701553076,0.4570544067428518,25.10033703699611,0
1.2406203101550775,-0.5542575368860392,-0.3255923170526023,0.46457582235146366,-0.708432562044175,-0.8579704254476033,0.25378620629183507,24.99006190813786,0
1.250625312656328,-0.34958293863237977,-0.8092385819982768,0.5447574359608907,-0.5700801882833003,-0.32689440306321726,0.9053863616812131,24.840739368123902,0
1.2606303151575788,-0.8282106215441192,-0.4742700904324434,0.6363336865554157,-0.21491672128517308,-0.42969617561181345,0.32810589274671076,25.177196449207692,0
1.2706353176588294,-0.5296887770419544,-0.49571695920768377,0.601286710090162,-0.387808656608998,-0.2939915982685907,0.6762973213024674,25.194612966276893,0
1.28064032016008,-0.805217557085765,-0.6065299800091172,0.7409312041696191,-0.7808222870153626,-0.4349635120620452,0.3210357662288861,25.008623446880446,0
1.2906453226613306,-0.535705586748499,-0.5730840679894391,0.5086352512671106,-0.9050879956119509,-0.3397923920692917,0.5285751895369197,25.648976416991637,0
1.3006503251625812,-0.87177183070865,-0.5423010935445635,0.5488642774063875,-0.33268229102174507,-0.48796403373927144,0.45499433768545705,25.182368952914963,0
1.310655327663832,-0.7909141978603611,-0.6496661399547002,0.5373662635011209,-0.4478624680213519,-0.6536065935178877,0.42543254676654274,24.789963755518247,0
1.3206603301650826,-0.6064283486051427,-0.8387114757430872,0.38624581438938177,-0.6009077644991848,-0.11415446998219775,0.385274094860362,24.83344014199204,0
1.3306653326663331,-0.4855727325844302,-0.7968439585405214,0.05767218799981966,-0.6014404271673721,-0.5062037876363403,0.19370014003292624,25.212506934189808,0
1.3406703351675837,-0.8285591280901832,-0.5927229015521421,0.2406970659643542,-0.5273639510195095,-0.253885504732105,0.3775711838029499,25.5539910988143,0
1.3506753376688343,-1.1059846738945902,-0.7572041221681739,0.35762237575707834,-0.7226913797745873,-0.3130113805220426,0.3485559802153958,25.10561661895429,0
1.360680340170085,-1.1560429099481286,-0.13509146606444267,0.47874139492723794,-0.5011288537704064,-0.27053044022773487,0.4874879483153582,25.17093018406966,0
1.3706853426713357,-0.8290658720198794,-0.2666264320002615,0.7600915059129842,-0.69558183327838,-0.17433603566131375,0.377461661051753,25.432035164634843,0
1.3806903451725863,-1.0658511414074485,-0.0059191181880672294,0.4852406513897492,-1.0306131652200854,-0.26726488083402644,0.25840746171991813,25.252193064696616,0
1.3906953476738368,-1.072143291965131,-0.42591844705419646,0.11429736560566528,-0.8437560607335376,-0.7541212736547838,0.07698384473867259,25.22812439684329,0
1.4007003501750874,-0.7945740858262467,-0.22183220695957534,0.2976657507066788,-0.7709295652735265,-0.24625948327136832,0.16117584562750853,25.451019490530147,0
1.4107053526763382,-0.7854370943490754,-0.3210553132331898,0.49521599284658535,-0.7270510803818573,-0.6298369564586638,0.342435583534024,24.795404725600662,0
1.4207103551775888,-1.1694597386994388,-0.30274779294251436,0.8480765474956133,-0.6471400171229627,-0.3114579854488181,0.5053479499717988,25.4198066309758,0
1.4307153576788394,-0.7914778073682216,-0.2040233797135341,0.3577750804500748,-0.6414789724379023,-0.09406248587370525,0.5687685927984981,25.19055154050459,0
1.44072036018009,-0.7727982504779108,-0.2922048860445986,0.7491874374022094,-0.7466471138949424,0.2669258995390651,0.2507293358023619,25.520789140949574,0
1.4507253626813406,-0.948460101042019,-0.2844669232023844,0.38740086997077483,-0.854503267826503,-0.038513468703212525,0.49190952703241125,24.827889998818428,0
1.4607303651825914,-0.9972705862290409,0.3053975830823623,0.8280795494696005,-0.706655000286669,-0.09084449527836828,0.41006299770321875,25.184055391819125,0
1.470735367683842,-1.2003352321676002,-0.1432833988646644,0.14717069954034234,-0.7167767507812793,0.05599271483655191,0.28807271899281345,25.47219602898701,0
1.4807403701850925,-1.2433232083113053,-0.3533439759958425,0.5240184631874181,-0.5891164000462387,0.288410338328471,0.29152562700655094,25.323604250029387,0
1.490745372686343,-1.0072790671082137,-0.06359563319801051,0.6540249365355186,-0.6691973228837738,-0.3385345699647272,0.6771424291757265,25.414027406244234,0
1.5007503751875937,-1.1251097616990453,0.08151807768086003,0.5741883903422227,-0.7478630239529301,-0.10817513397438146,0.24598120888092959,24.992333778702566,0
1.5107553776888443,-0.7648834016720759,0.14250261734693298,0.3992737472078516,-0.6452036222894902,-0.5426824549835779,0.608470430974479,24.47808586636657,0
1.520760380190095,-1.0703620749931537,-0.15875954975830495,0.21239974939727924,-0.5661337518943179,-0.04140069692883921,0.4463696119793115,24.985923826336244,0
1.5307653826913457,-0.8999246359660787,0.11186626646260257,0.21260252671049673,-0.5970128772391344,-0.021549806031821286,0.06404439750661828,24.871565451710225,0
1.5407703851925962,-0.6916565017454379,0.2977783647446479,0.39726130525392944,-0.8632983087615259,0.03786020281408298,0.7889429824205693,25.114580635669466,0
1.5507753876938468,-0.9012960142391273,0.3648966510048476,0.5124665073222701,-0.8416519041060136,0.08780199834178767,0.3574466885307611,24.988833329047047,0
1.5607803901950974,-0.8362989935653149,0.2001781685121401,0.6088801780176178,-0.8016032378558853,0.1675582311437623,-0.029758406846819963,25.274898302410744,0
1.5707853926963482,-0.9060778534970764,0.4201525582298944,-0.11932850983752652,-0.3626254979851944,0.1485225033753364,0.5895746159884725,24.68802822186234,0
1.5807903951975988,-0.8454078729190838,0.040411093976448625,0.33266647710337427,-0.39156385237192093,0.16273888513627457,0.40942279002997284,25.261020319206626,0
1.5907953976988494,-0.8604571634156224,0.3114736103609328,0.5278378689287859,-0.2869917157604596,0.21358810405905695,0.40409634409142625,25.315196318802283,0
1.6008004002001,-0.7291712908895749,0.548813537493065,0.5799452147522373,-0.9888221645310341,0.5758122875650105,0.13249025767338266,25.09079063957171,0
1.6108054027013505,-1.090875837366355,0.32828982500174764,0.5152336753667579,-0.6877450907999321,0.35727814630333393,0.682327208456579,25.136060290454193,0
1.6208104052026013,-0.9776675690866045,0.5633079672673991,0.6845862647290526,-0.9885905566501783,0.41587244085775377,0.4975882820174793,24.910730948992004,0
1.630815407703852,-0.6415928875393668,0.36948646019208764,0.4689478228152351,-0.7680017650181266,0.32271387159516796,0.13581100831770096,24.56798473522171,0
1.6408204102051025,-0.5848256343931628,0.2587177015273472,0.2426242709665977,-1.1536593403512687,0.2146956274149098,0.08810423400478767,25.492604548040912,0
1.650825412706353,-0.6878628644487537,0.3186693801175386,0.8883904173347767,-0.5155079284555056,0.3000732826207422,-0.1495585379619827,25.687282771777223,0
1.6608304152076037,-1.152961381100694,0.15495841464383825,0.6393486388744126,-0.21208702893052522,0.664085094930277,0.46064946598845957,25.178426302499584,0
1.6708354177088545,-0.6887199516475029,0.6630844316390608,0.48793539934028723,-0.6666822299324764,0.39652034536546177,0.19456477386379445,24.915797476939968,0
1.680840420210105,-1.1815016261379345,0.5183862429414646,0.23077321699113565,-0.8950460740822401,0.46642216487102744,0.6211936080059752,25.275494981800694,0
1.6908454227113556,-1.1396849008482688,0.36635246975174274,0.6133722684148574,-0.8569653028065687,0.40649584765324326,0.4501848444586818,24.70949666354091,0
1.7008504252126062,-0.7863686279184471,0.32313949524547314,0.3016038803701518,-0.581998596489604,0.15335692867695738,0.42559687492039544,24.994108660321995,0
1.7108554277138568,-0.6780070404295507,0.6598111315226552,0.691298187496426,-0.6057591245208029,0.4061415355427278,0.3592355818077825,25.162989408710917,0
1.7208604302151076,-0.759015381465478,0.6476227873834293,0.2745983088714793,-0.7476100999346847,0.23108250495418353,0.6819126657836522,24.626841029382614,0
1.7308654327163582,-0.8868913397576406,0.5196673952434121,0.5904424683905267,-0.6576381758171729,0.7802274932205481,0.19446794955253702,25.08369824866714,0
1.7408704352176088,-0.8941633846112383,1.1155677728176763,0.17033381681901114,-0.519711037122024,0.6759857339968187,0.4090426199902306,24.94441370233669,0
1.7508754377188593,-0.7311235156642484,0.7178111325146194,0.37478453867447215,-0.3713516772150687,1.0093436708133083,0.2118495941985692,24.589059106126278,0
1.76088044022011,-0.7001845836050702,1.2468011506936358,0.23971757442160443,-0.21819917805904188,0.9202275893455059,0.2096443420708416,25.170694923755583,0
1.7708854427213607,-0.33354340059839377,0.6761221883827179,0.3559406656376935,-0.64371436296901,0.3986068431255989,0.1874698811133313,24.632817919971323,0
1.7808904452226113,-0.6284493586127728,0.6182987195762522,0.43955547027898356,-0.81939197105242,0.6840107390732759,0.4809444226584522,24.401879307228562,0
1.7908954477238619,-0.5358705070888805,1.037409870508962,0.1469495449689991,-0.15403097947917532,0.7173046594846519,0.1700998278141104,24.98326927670269,0
1.8009004502251125,-0.4738289350470752,0.8258775884361916,0.49264693822480354,-0.652530172657009,0.6824133729301831,0.025173692407427728,24.96663218159539,0
1.810905452726363,-0.7405099519353207,0.6815701193594463,0.6280715254824366,-0.22952071479503638,0.7847685104833552,0.08621975941776347,24.90507746509156,0
1.8209104552276139,-0.29079005260673435,0.8742004667082236,0.8406157478696904,-0.3480641062031825,0.7150954904822004,0.23957657905818094,25.040062271434685,0
1.8309154577288644,-0.5370577912077426,1.0038242012839484,0.5639276999610996,-0.562448951246897,0.42351538204542877,-0.06917128533891309,25.152397398073763,0
1.840920460230115,-0.6998909589081076,0.44711798812457265,0.44608145951415473,0.11522579334789185,0.7009427030640768,0.4623907457766979,25.02454880756427,0
1.8509254627313656,-0.4711759788556033,1.0761379972308753,0.30603110434354386,-0.3076399757595193,0.7781977217458601,0.1576507198164096,25.297612704860956,0
1.8609304652326162,-0.4581244889518533,0.7549187666757852,0.46705070553077366,-0.5181996264484248,0.730490470333309,0.28597519012451367,25.325768669749472,0
1.870935467733867,-0.29950938184324527,0.9139124304631214,0.5189078549459043,-0.03751771293192602,0.8466963190400927,0.2863542000533537,24.60644913029495,0
1.8809404702351176,-0.5783985887384893,0.8698151365639524,0.22900184219719175,-0.32969494549582107,0.7560180469273301,0.3866619769745849,24.97885036658227,0
1.8909454727363681,-0.23864141238195505,0.9547776498470492,-0.04869481042527318,-0.4566204716815072,0.7246887023636971,0.03517985370817939,25.179978618998863,0
1.9009504752376187,-2.5594007022011755e-05,1.195727371952998,0.2991493937960632,0.053204618989381225,0.79131349273125,0.20605318016207597,24.81597920093772,0
1.9109554777388693,-0.336601256231026,0.8834914481284699,0.37130664339597197,-0.18877105893674737,0.7695106535000554,0.3571663530859695,25.3571938824359,0
1.9209604802401201,-0.05585529304718881,0.6723495630950433,-0.1782287018954014,-0.009748913860508107,0.5020875857449352,0.2210913396894549,24.648966092182192,0
1.9309654827413707,-0.5755782246611083,1.0848664792751017,0.47966611638402495,-0.28744778986142744,0.26305068847833324,0.15301917780829988,25.117541201620764,0
1.9409704852426213,-0.4801678966188043,1.0195259694653325,0.3200008529600724,-0.031650166370965155,0.8101992620904318,0.06383647005942614,25.358971450499347,0
1.9509754877438719,-0.18511279479121878,0.9827022006543147,0.13158590303344678,-0.2113819543869619,0.6135699440396607,0.2200023838937842,25.513512544042705,0
1.9609804902451224,-0.3966568605290186,0.669783778492762,0.6075999284040781,-0.1396860409845711,0.660182298722505,0.45867362780350046,24.81831533807894,0
1.970985492746373,0.27417635203570334,1.1314337279357833,0.2108604157104931,0.35864117011415353,0.6755358583336759,0.3951732322735683,25.089787774121948,0
1.9809904952476238,0.20066362963476664,1.3105195228820046,0.3098716061669833,-0.1984312766652311,0.8905682554171306,0.10723354713264274,25.604016174257985,0
1.9909954977488744,-0.0009776391366143854,0.9265355974221903,0.3353869470305901,-0.2920530221884688,0.6053571184455594,0.47884349027497175,24.80293171630858,0
2.001000500250125,-0.20623903747614947,1.1073256107688176,0.5305246502757531,0.14630518938120413,0.9992055853718518,0.08334803776063082,24.573456799977446,0
2.0110055027513756,0.3348346488422292,0.9348663831463362,0.23810377446873732,0.29329316313071707,0.9107678826119427,0.32179385662411897,25.649500703470324,0
2.0210105052526264,-0.06274511673323167,1.1833903907729597,0.29451399436657405,0.10648527924688894,1.1039515774078763,0.3280562467676505,25.16148882371489,0
2.0310155077538767,0.3117854494546347,0.9222661178961167,0.11006567624007912,-0.13113465321006731,0.40293401316855465,0.6335675137543688,24.669037490283497,0
2.0410205102551275,0.0842626063087212,0.9363451214521257,0.3341412608400532,0.26595810732855985,0.9654609228158769,0.10151244930879873,24.949863485864075,0
2.0510255127563783,0.2161317161027396,0.9374409986187521,0.5888382488023318,0.225887571131714,0.9367189362943328,0.34647156061214923,25.3520421572456,0
2.0610305152576287,0.22676475364740512,0.7223090751018916,0.34197367333150985,0.022176974766965174,0.6796170354044974,0.3269016701358039,25.371484921430092,0
2.0710355177588795,0.22557122482014683,1.0369685434434914,0.5971046013465116,0.22520416347606126,1.3004981755750378,0.31843121906188004,24.471771172253256,0
2.08104052026013,0.4025230696313813,1.0439967245031878,0.5091971222708517,0.3361200665823716,0.7465208412245511,-0.043862390094431075,24.937293022814192,0
2.0910455227613807,0.11203969156294322,0.8432674412010519,0.3635074969230885,0.5596959267941239,0.8464320108941934,-0.04254315957586363,25.133380800466043,0
2.1010505252626315,0.5514803962507812,0.8280749020494069,0.21349477506999065,0.25266091808316016,0.6030455237141786,0.3218946534924312,24.963715555417664,0
2.111055527763882,0.42576253754686266,0.7622538945364356,0.14727495685891656,0.41796111057791996,0.6772352336591311,0.53320606378556,24.880109144315618,0
2.1210605302651326,0.4161572355162434,1.1150629935212033,-0.05447523061400106,-0.05518553010346228,0.43770459880324925,0.4358751534635207,24.834442556232265,0
2.131065532766383,0.9118576728969336,0.8035705258511507,0.2605032464334473,0.6285962431242017,1.1343546140979275,0.5911751039625115,25.36250986917794,0
2.141070535267634,0.633632484427171,1.0218953529144725,0.3736249275904153,0.23281884014619617,0.5590721937749272,0.1736872784034798,24.94894461324252,0
2.151075537768884,0.36635291587726054,1.0287449410987555,0.4033390289317324,0.38328019785254197,1.0070799774969823,-0.058515433052596794,24.941902162216085,0
2.161080540270135,0.34136115442549664,0.5013589413544951,0.19003357020877604,0.36343099316018945,1.002422960463712,0.2914181028128082,24.69274395270124,0
2.1710855427713858,0.8827923802671017,1.1032077632655752,0.317248315835495,0.3642822738302449,0.4953129719837077,0.08622166489920688,25.326624585911254,0
2.181090545272636,0.9156336146520543,1.151135910607267,0.09728621362072297,0.20704959611430374,0.7021670133445042,-0.1976429947301881,25.096950314255434,0
2.191095547773887,0.5354061426662128,0.7319338202262851,-0.129688025082538,0.5546613492547006,0.5535727285475646,-0.08258129644540071,24.138321336015505,0
2.2011005502751373,0.5850759130808183,1.1614302260567344,0.5156710065884369,0.3810438639555021,0.5251415133058723,0.24049018215809506,24.70048436824351,0
2.211105552776388,0.6760060949333642,0.9412375598586888,0.42294339076619075,0.4724873566795863,0.5896824533100075,-0.033551120559848824,24.75193589378804,0
2.221110555277639,0.5948125795251773,0.8417577427166513,0.3543831872190091,0.35145089618831715,0.913165426874637,0.08310828936937356,24.99358981169547,0
2.2311155577788893,0.5144943232121757,0.2629407635748592,0.3425577220067355,0.6785181066518791,0.5419655410799153,0.14599705763259485,25.15478176531123,0
2.24112056028014,0.37459990781317504,0.6207437386865027,0.3186577595960196,0.29882937871853704,0.6399550057579352,-0.14347250198735773,25.13992899473006,0
2.2511255627813904,0.7024744306275069,0.3815756306499456,0.3867836152124028,0.4207638663099931,0.40163110766196186,0.16318243490296336,25.344591204828614,0
2.2611305652826412,0.528231018207495,0.6942896305539706,0.23360564827868985,0.7237374270551683,0.5808512395229462,0.04486831075339574,24.751722933805382,0
2.271135567783892,0.7696942923078379,0.44420384555527964,-0.4424445139785992,0.6892843733903841,0.70769228657916,-0.3591260209321099,24.69708078858702,0
2.2811405702851424,0.8966231658885084,1.046158088919618,0.13994514044712875,0.4726332627041482,0.4711479077608546,0.3836044029592747,24.80621074626264,0
2.291145572786393,0.632517294470814,0.5135106790107524,-0.06093997025250092,0.6584186198396509,0.8129831984516394,0.16839645574259907,24.924293949362113,0
2.3011505752876436,0.7527740822398152,0.2722189527624126,0.3002665536155895,0.6333416294157788,0.4317897088832701,0.7375371921178984,25.089625872509707,0
2.3111555777888944,0.6787574715635192,0.4738055653848787,0.34723304235772573,0.6859466273735979,0.15960607203731653,0.2778809073297405,24.799556774338303,0
2.321160580290145,1.2209355265245763,0.7487543741986216,0.02196024359910731,0.9332240493718764,0.43976691095003423,0.25969443320912994,25.145419845188343,0
2.3311655827913955,0.6933289220396877,0.37717619015577686,0.3112798956117555,0.6231251360089817,0.3239792326470161,-0.10679433019345197,25.12707971967804,0
2.3411705852926463,1.2905773844854742,0.26502122118967086,0.10397809000289622,0.9849020315925621,0.3668939649832774,0.16978171818462248,24.681281941555937,0
2.3511755877938967,0.9783385490984955,0.4132678767269647,0.2901109942719875,0.9516189140385228,0.8784701121860223,0.19029863075152703,25.09773889497465,0
2.3611805902951475,0.9452768728866665,0.35178716851369607,0.15447786535453234,0.6660397280291536,0.37162853691458986,0.3329443844513472,24.69803723041611,0
2.3711855927963983,1.1472032052248242,0.6571498427731977,0.05696977533515103,0.3110110145974932,0.19341706602529316,0.3238656938989153,24.993139581310334,0
2.3811905952976486,0.7312864526392976,0.2636892976232186,0.24249713230524123,0.8542642329188996,0.2439290056611508,-0.013866380759473024,24.882472555286853,0
2.3911955977988995,0.7576644191836468,0.6582766523439119,0.0036869233010731334,0.9971488690317772,0.5724244219445092,0.254182993344265,24.870513906184584,0
2.40120060030015,1.0329613159242998,0.3005884913031727,-0.11882223746908292,0.826644094629903,0.008534131833124264,0.287070385433867,24.860614810810482,0
2.4112056028014006,1.001575408919166,0.3320095632214597,0.003894470093684925,0.8864135424907335,0.12530085980528016,0.21879983135904915,24.596206095925975,0
2.4212106053026514,0.9947978942295689,0.632790153964635,-0.15064227052864837,0.6400685885512589,0.2987850532541655,0.07545555190189285,25.105189029782068,0
2.431215607803902,1.0745801463443247,0.34135898143700627,0.2651046799096458,0.8633579076375362,0.12328021925601337,0.1690465094552672,25.569964580468564,0
2.4412206103051526,0.956471821320261,-0.01129265279077074,0.25831473947216604,0.7623226236867009,-0.2876433426881212,0.19900321992190154,24.839401544213825,0
2.451225612806403,0.9701766927585611,0.21902640928218708,0.06872660311837309,0.9325170428033226,0.035007000420738676,0.12712249336526438,24.922135996724826,0
2.4612306153076537,1.1403539317027611,0.24457019654624185,-0.16273785284422365,1.011269891655215,-0.009995329227904665,0.18109146970798537,25.110186194020404,0
2.4712356178089045,1.3635565086627914,0.045549837287652155,-0.05179410023429237,0.792851897465467,0.011558470442762987,0.1744437875798877,24.515106817469025,0
2.481240620310155,0.7875273911663736,-0.15466036463305266,0.201847292607805,1.1407337745129007,0.02623033203873448,-0.024335725267530244,25.021015648933954,0
2.4912456228114057,1.2319974854622775,-0.15797140680652555,0.05317422301093351,0.9947369859089975,0.12221821001324046,0.04231666449092987,25.300313827770143,0
2.501250625312656,0.45934582306522764,0.13164611871988424,-0.1316009273609446,0.4338672459607688,0.0990973637559583,0.27410307644422366,24.958765445611693,0
2.511255627813907,1.1899497886476382,0.2871024224680801,0.2559110069915564,1.127492809239919,0.12014291491065923,0.0094292208001161,24.51941025643085,0
2.5212606303151577,0.9485577298519702,-0.23539190785465552,0.42083168463449233,0.7630390194959006,-0.028753109676236618,0.09961158811603717,25.013080733911735,0
2.531265632816408,1.3341901197461346,-0.2225958880119856,0.01928176835617162,0.6476498121883775,-0.3424573147762173,-0.13806559633407864,24.988888960885475,0
2.541270635317659,0.9057460457366869,-0.2677767623517597,-0.3071829748083403,0.7766640779863722,-0.4043781279077912,0.13127560707874175,25.02473192588035,0
2.551275637818909,0.6955431945894528,-0.22223320866411883,-0.1826264254920943,0.8534776976697872,0.13977697460131197,-0.40079060942833106,25.034507823744224,0
2.56128064032016,0.9494988618273321,-0.057063759507664485,0.004173608047805477,0.6348264704047644,-0.21687620697152973,-0.1899777454404837,25.32280214157958,0
2.571285642821411,0.9792900607495512,0.15815499111870773,-0.056862373327032194,0.6383408314300377,-0.48040939534808047,-0.3964121037024755,24.524759217098353,0
2.581290645322661,1.0209921737604442,-0.15087012405164957,-0.36722577344750634,0.953061137661741,-0.29870431329479696,-0.011431504035753808,25.483666188476626,0
2.591295647823912,1.1385179921057906,-0.3366036908439235,-0.23547544100530923,0.3369570228802864,-0.37014871285868967,-0.08801564450334029,24.703846141854644,0
2.6013006503251623,0.9235345083133165,-0.29753015212552786,-0.10844850773482181,0.62982820522073,-0.2165894885804797,0.03760628081531693,24.672880276767145,0
2.611305652826413,1.2216698885139068,-0.36231201858240136,-0.06593766840067893,0.8932296147030337,-0.22743228744773886,0.13486125239093028,25.086137249560547,0
2.621310655327664,0.8057653639903022,-0.2996491128643004,-0.30467209741746093,0.7643142122900164,-0.3042058524533088,-0.10236485621717081,24.96143874656832,0
2.6313156578289143,0.5397354660043916,-0.5106827883546496,-0.06356513695948751,0.7648554984826157,-0.5262852736303576,0.18743427442277177,24.74014754553565,0
2.641320660330165,1.0969441614016686,-0.3440908501819825,-0.2175738574821281,1.0775043555589594,-0.5823511443963516,0.11316811831130631,25.300174695412892,0
2.6513256628314155,0.7549840298649204,-0.17920426013772067,-0.14451801472286613,0.769025183200171,-0.314093488366225,-0.10246871773657001,25.243242481947934,0
2.6613306653326663,1.0329828458226413,-0.8351191684021909,0.1601939594390448,0.3669296837626241,-0.1818209781353123,0.14480175605624812,24.67271007093544,0
2.671335667833917,0.7764355969212648,-0.7337896378887542,-0.14980775901278987,0.6252719067725973,-0.2541868568993857,0.17660290685988744,25.418705143236988,0
2.6813406703351674,0.7296300210826248,-0.5812225807388853,-0.4496437696592253,0.5124768878193905,-0.2385322381724923,0.23275165973761816,24.629695338436022,0
2.6913456728364182,0.7062040997477838,-0.5708560253539832,-0.06303862277832449,0.4978368572783609,-0.3676476902769403,-0.19002455304797994,24.995664318736516,0
2.7013506753376686,0.9157724356147608,-0.5899283753272828,-0.21244393448999283,0.6232905080260507,-0.4906428552726434,-0.17413561108416883,24.922361181199868,0
2.7113556778389194,1.1072669245737512,-0.5040828554984819,-0.1903389367712774,0.7694208732803934,-0.5597772940205857,0.12963062898497202,25.110892657659427,0
2.72136068034017,0.7463209839845266,-0.5511684862601133,-0.45147347484877104,0.3888716364463369,-0.7513544984175461,-0.08124997659531558,25.51975449984553,0
2.7313656828414206,1.1935268985636291,-0.5369138394787318,-0.043163018034426986,0.23760194862953432,-0.640154007760311,-0.27222228080030253,24.813745720524665,0
2.7413706853426714,0.6923853620115863,-0.7820979023898299,-0.545202887265642,0.7303933518063421,-0.7646924346282848,-0.0716249673301577,25.622224800924993,0
2.7513756878439217,0.520167258558375,-1.2162136824478145,-0.2125311751541796,0.783427268500242,-0.17645545147472003,-0.37017418351300935,25.149009766970956,0
2.7613806903451725,0.5883166347936621,-0.7531207000914842,0.3675754860439977,0.2445089152407076,-0.534796891085611,-0.035495912334440785,25.325735897481803,0
2.7713856928464233,0.6776367946912054,-0.691372722293047,-0.245560253872754,0.5802575194466426,-0.6710247192545761,-0.009470054339506456,24.88911689918691,0
2.7813906953476737,0.7094716245890359,-0.7791433471497717,0.05206858680508855,0.4969624919291817,-0.9732391211715973,0.11387112946332226,24.728280309741216,0
2.7913956978489245,0.47868330141428067,-0.9119670891421898,0.09586260072925454,0.06041441251949664,-0.006718157534794322,0.0679913474892832,25.066971674238747,0
2.801400700350175,0.5732407501985155,-0.7544848460702374,-0.08065578836798404,0.5964187574474297,-0.5381556356327253,-0.1299880829840316,24.9407984739078,0
2.8114057028514257,0.528170743666949,-0.8685363994062142,0.03604771314535396,0.5654516647742935,-1.2517215216013986,-0.02138488967649496,25.058420858415634,0
2.8214107053526765,0.5283378492670281,-0.9243980266517124,0.02832035045836817,0.6151689728695378,-0.8319310023918701,-0.0757912974061606,24.708502979637615,0
2.831415707853927,0.22928454398082954,-0.9883409524198168,-0.029788325345919436,0.5947915506261099,-0.5877809219820005,-0.016794458488377517,25.15485348613449,0
2.8414207103551776,0.3495413558877345,-0.792063643442613,-0.04791796878953061,0.5331284059085749,-0.4649758476069924,-0.024739129627840917,25.105434462262476,0
2.851425712856428,0.6640251806110511,-0.8983352593312559,-0.3900747796321078,0.3273827135694598,-0.863405334946445,-0.30599553450412775,24.956644398785343,0
2.861430715357679,0.2632240715079954,-0.9683239728232511,-0.5980889788747485,0.3800251860409779,-0.7251442384439096,-0.3389105626008313,25.197773700529723,0
2.8714357178589296,0.5805184146029808,-1.2410485690665216,-0.3775425221871251,0.16057503970467565,-0.9236098971759543,-0.014103084792756071,24.94185215836816,0
2.88144072036018,0.3110095141961726,-1.332205618690024,-0.10350991614200589,0.04327830699594129,-0.733159990593673,-0.12899943015544263,25.408197578751594,0
2.8914457228614308,0.0726970009529691,-1.5463119947009645,-0.1993831191125653,0.627671100923604,-0.506138380241552,-0.14699053939571827,24.852509144310385,0
2.901450725362681,0.46610379542277003,-1.147164246079262,-0.14640365145201312,0.3448374527095718,-0.5499220234109187,0.35859184352360995,25.11772479015363,0
2.911455727863932,0.17280376372864262,-0.9666744124924711,-0.6009743620530701,0.08073456487830227,-0.8511041276658786,-0.30254502444711573,25.045706461610116,0
2.9214607303651827,0.07975845041182258,-0.7455080677422877,-0.25256267548566785,0.19353388528288729,-0.8413503042683292,-0.17104513400365,25.247529479400292,0
2.931465732866433,0.04022106276790596,-1.1085342017035504,-0.31875427258632716,-0.09825649996657415,-0.945380295055099,-0.3016514281737272,25.262316754213817,0
2.941470735367684,0.23535298584792091,-0.944424566440816,-0.09319366936383547,0.11879821835814944,-0.708421068985682,-0.23134296002444318,25.07960870481989,0
2.9514757378689342,0.03530198038434122,-1.4761664113048667,-0.2955516578896126,0.40603259674531417,-0.6054793032713462,-0.02187716344364729,25.370839216541864,0
2.961480740370185,0.13844821071653038,-0.9532238586080366,-0.39750629554701405,0.03335878281398437,-0.6709953701170963,0.02159615426564801,24.9581661172957,0
2.971485742871436,-0.0005774318420657676,-0.995884786220136,-0.15897135041300214,-0.21720262632413512,-1.256028493020612,-0.3334775300573768,24.633786272225752,0
2.981490745372686,-0.04351226477785796,-1.0278659138225934,-0.3750550306965799,0.3369861266954325,-0.7332989271268152,-0.1674294071914161,25.18666214321302,0
2.991495747873937,-0.20105290582601248,-0.7918207674785672,-0.30470589904668494,0.1554670976323556,-1.014085946578128,-0.5423941865948873,25.245366897407507,0
3.0015007503751874,0.07056717633314247,-1.1803991964755012,-0.46858758130275646,0.2213151737738652,-1.0378734870566648,0.09281061861293866,24.72981377960564,0
3.011505752876438,0.09153986714298329,-1.0650704855675697,-0.17907282614110231,-0.13773361480579316,-0.8320360135486771,-0.23158441480691255,24.69934376326556,0
3.0215107553776885,0.08063826205537185,-1.1003601870027802,-0.350438267640026,-0.2528911605446251,-1.3106407107258327,-0.28198018017765164,25.723784626483877,0
3.0315157578789393,0.05807286879467255,-0.9989546209708448,-0.36225625592455896,-0.07458521246553651,-0.6866582129841308,-0.48390503512809335,25.334296508400662,0
3.04152076038019,0.013004541194111624,-0.8478674424239444,-0.22689379713370023,-0.10013404597651177,-0.6586314228590611,-0.13330832916824095,24.89378778671769,0
3.0515257628814405,-0.27588731604611283,-0.9665558965835092,-0.009646042454249437,-0.3767549843041663,-1.0830467776592134,-0.2226078899553262,25.015266310556804,0
3.0615307653826913,-0.15743465667360643,-0.9325841315464561,-0.36890115618615527,0.144290296082266,-1.105280612597828,-0.42510796916340465,24.969023571955287,0
3.0715357678839417,-0.5514870076925472,-1.010023799945051,0.003273951147090337,-0.17410209871017868,-0.7337421541031727,-0.5152490186333267,24.815091577588156,0
3.0815407703851925,-0.3284146320679391,-1.0309110614997747,-0.07739869165761609,-0.09116207265749646,-0.9961860251062288,-0.2176810048402949,25.149466524549034,0
3.0915457728864433,-0.05562135773639165,-0.6428193971456106,-0.5414009055123606,-0.38909243459458365,-1.0186575993503517,-0.3175096255388258,25.1399075123339,0
3.1015507753876936,-0.11617986198916855,-0.9647299388167956,-0.4069527003612714,-0.22056581379584309,-0.9266603675966375,0.1435211877707126,24.517701691864584,0
3.1115557778889444,-0.3063844081655738,-0.534492671085995,-0.3461701401382725,-0.3126738261560738,-0.8228602165076238,-0.3141024235926993,25.41185454240296,0
3.121560780390195,-0.8150514980441289,-0.6212735372649177,-0.6368135189278583,-0.351473758469465,-0.8282171060790787,-0.16390701679611955,24.520562694434876,0
3.1315657828914456,-0.3092230170671535,-0.5109280143025547,-0.6290932247460601,-0.2833848067047545,-0.8650283867272621,-0.1999892978233913,25.005744333224726,0
3.1415707853926964,-0.5585365824359548,-0.8051404649384342,3.120798792144441e-05,-0.3823721188471341,-0.5782203491004828,-0.5473253227497745,24.713069086954597,0
3.1515757878939468,-0.3639145763691335,-0.5919249370505062,-0.29403869676310523,-0.4293282716607981,-0.7111402331214887,-0.5422106400101333,25.18135459790661,0
3.1615807903951976,-0.3096330167717314,-0.9643214653792204,-0.46343502770436057,-0.3357040574587209,-0.7864666662582026,-0.3087678014471327,25.629916536749956,0
3.171585792896448,-0.5627283649881258,-0.9298633851114142,-0.5031417957895826,-0.26182018557115383,-0.7228011184093565,-0.4287813553943258,25.396391209681905,0
3.1815907953976987,-0.2561191245635575,-0.961724241044512,-0.7510892013495822,-0.2305290424056436,-0.8102375874694177,-0.14409984902941342,24.40896885468645,0
3.1915957978989495,-0.38770327111445246,-1.0664866591893358,-0.2357164479464362,-0.45012357745216464,-0.8501897025458728,-0.386902679993149,25.20589553708701,0
3.2016008004002,-0.5706675088102079,-0.6891681712135507,0.00939114639190003,-0.7863254418888141,-0.3213980988527133,-0.28784638890431513,24.730364785503063,0
3.2116058029014507,-0.8829481198270648,-0.8248770686404217,-0.20553364829012233,-0.5190181398189203,-0.3274114063385425,-0.6021260745503232,24.996373315646185,0
3.221610805402701,-0.8917936782026836,-0.6945513336122237,-0.2163912672169434,-0.5972043501922585,-1.1346649394352006,-0.2752253668298239,25.131021565520054,0
3.231615807903952,-0.5842520991776391,-0.4995880232432789,-0.6118223128515214,-0.39604561904589297,-0.3588940667905728,-0.6738067783386728,25.095895547775694,0
3.2416208104052027,-0.7890860360919019,-0.7417780636314877,-0.33185626158832504,-0.6480457687350045,-0.7155204390412491,-0.31428276313918896,24.67382621834116,0
3.251625812906453,-0.9278742159887305,-0.5676112686045336,-0.6348668988907562,-0.43530485198751234,-0.47027048158587725,-0.6692478192453393,24.796730604299302,0
3.261630815407704,-0.49364434390500134,-0.8770364772136486,-0.5016414426016376,-0.49356080096120136,-0.3879645949320508,-0.3773162493207072,24.820746941592507,0
3.271635817908954,-0.46902570740700084,-0.309668340963685,-0.21657686563282177,-0.5857361152843572,-0.687611763306746,-0.4959676619426578,25.156754231579725,0
3.281640820410205,-0.6901091334783754,-0.35312398654437455,-0.2857811631643373,-0.9196470824768535,-0.2963654405623446,-0.5323090708001348,24.884808618414294,0
3.291645822911456,-0.7432734340659922,-0.2096798805768304,0.20265556024694154,-0.5133061684258284,-0.5236900265709762,-0.22856139106719453,25.266296627762152,0
3.301650825412706,-0.8761880100380606,-0.22453935422272098,-0.37670468535677515,-0.550094970123019,-0.33368044991325607,-0.2538577476331534,25.251682150140883,0
3.311655827913957,-0.9534439301750448,-0.6694337221489534,-0.6460735510241922,-0.5760943881684828,-0.29043139638537496,-0.24927959031350536,25.50234773000426,0
3.3216608304152073,-0.8482313817463293,-0.3976657803963309,-0.6476394024839537,-0.7551096828792963,-0.28602373769871126,-0.17361895965624385,24.911809915700747,0
3.331665832916458,-0.8777140794644367,-0.8081046346444647,-0.5038937310777637,-0.5126387505703015,-0.28858290502532896,-0.24585716845691158,25.014932106154287,0
3.341670835417709,-0.8774107299790879,-0.6092114786695515,-0.2958425073395451,-0.6188641004859006,-0.2833140310213299,-0.4536935216375577,24.353997124038628,0
3.3516758379189593,-0.6739537915375092,-0.5450607495119417,-0.6112147882308356,-0.5760116847278,-0.43783713463203466,-0.13894043152844482,25.18510178487301,0
3.36168084042021,-0.770348896702205,-0.694186566189205,-0.19925294362503887,-0.6734001028270692,-0.4106517670085192,-0.324635699093405,24.467129430130505,0
3.3716858429214605,-0.838114569306288,-0.5981560038190711,-0.7150880930088315,-1.040347942525516,-0.09128768674814042,-0.4814959074106574,25.46011831297495,0
3.3816908454227113,-1.0388791099997778,-0.7046520498621656,-0.6707009484799734,-0.49821272991006704,-0.32172400226219444,-0.4675743076903135,25.048005467755836,0
3.391695847923962,-0.8423155418494117,-0.11024067740420113,-0.16046751943632737,-0.8260914004241539,-0.5321858896841622,-0.44282692455658534,25.078084151974867,0
3.4017008504252124,-1.1454459115518154,-0.49536093445870044,-0.3841099362450426,-0.7718857713618449,-0.23658520210143616,-0.5139930769840296,24.93087978573827,0
3.4117058529264632,-1.1466216574853814,-0.0958011370486731,-0.24844620815457952,-1.1386575953529952,-0.40497482745738644,-0.6637027110974798,24.80499281967793,0
3.4217108554277136,-0.9865934192850908,-0.5334094127514744,-0.6424246001770223,-0.9767161346779147,-0.15333082916962593,-0.35257324263431766,24.783478733998823,0
3.4317158579289644,-0.941714309823538,-0.32221540909281643,-0.5148678178632629,-0.4469723693414267,0.09778869661777889,-0.6283456840239613,25.248919725363752,0
3.441720860430215,-0.8210066088749279,-0.41172077680402797,-0.2991926284166848,-0.4790423521360865,-0.3701634564916862,-0.5538590899369783,25.30529844005305,0
3.4517258629314655,-0.9342229376078662,-0.04078173183228603,-0.3971684972176979,-0.7126784156327679,-0.38615601516636916,-0.16276553107394814,25.35087699772833,0
3.4617308654327164,-1.0386597005146398,-0.1286320007289886,-0.7737724767038664,-0.6913742901572604,0.018462199729855952,-0.38647898435403977,25.33730600796115,0
3.4717358679339667,-1.0628758138833867,0.024243431923216277,-0.6736745740207495,-0.8015587243247666,-0.1058130541849702,-0.3307317806176728,24.889141921349992,0
3.4817408704352175,-1.0246497278329434,0.1078781403524851,-0.5592110319263802,-1.119999587106624,0.3040517456924312,-0.10119573184489206,24.612321191468315,0
3.4917458729364683,-0.8617222466883661,-0.12652315304410716,-0.42120263316483636,-0.7408862203872252,-0.06762411921033523,-0.535873194102118,24.792837684305123,0
3.5017508754377187,-1.1832232551784778,-0.1608639319708558,-0.48930271678807763,-0.943139895487934,0.14081082088271052,-0.08324441595537979,24.825984027588987,0
3.5117558779389695,-0.9514371844571987,0.13686080657396288,-0.3833583670161722,-0.7842634140682019,0.17807551128264534,-0.28575726642389027,24.62870127330181,0
3.52176088044022,-0.8238328910029411,0.24576875102375062,-0.6322322853020583,-0.7905437160151163,0.19131426541853566,-0.425522815488946,25.321893414329804,0
3.5317658829414706,-0.5222500650205386,-0.057567305657652446,-0.7575244221150228,-0.7352559320345535,0.22401642172070396,-0.431225675956368,25.43597819899631,0
3.5417708854427215,-1.2591232322136583,0.26943452170253984,-0.6041520212953642,-0.4492460765737476,0.5031837083105978,-0.539715203271538,24.835132859227425,0
3.551775887943972,-0.8148826299979145,0.08451630020604636,-0.4936501119466755,-0.7843624818066178,-0.25438068710837186,-0.3904218439070298,24.793081667780747,0
3.5617808904452226,-1.0798480798285246,0.48160048637401776,-0.7373806629737161,-0.6223377749292607,0.09850668247784228,-0.4448154609934588,25.237111568815514,0
3.571785892946473,-0.9066672462482822,0.33773780673326265,-0.29387693340100907,-0.8460036807663129,0.05644481892993508,-0.6070411977176247,24.752376841006313,0
3.5817908954477238,-0.37734975835878215,0.5030713430049624,-0.7590862590072459,-1.038226506085136,0.29968155382978234,-0.28164414913691993,25.16466515059521,0
3.5917958979489746,-1.0096955065899846,0.2593137424725608,-0.42457572547746236,-0.74978487704473,-0.21633639897099438,-0.4380812303625059,24.744578069721907,0
3.601800900450225,-0.914250696353123,0.9114446087506767,-0.41785806367602807,-0.8221403213423399,0.43587454697944605,-0.2965459399748686,25.126028347135552,0
3.6118059029514757,-0.8175737187219382,0.7553791567331003,-0.7186571820946521,-0.6564286545297671,0.08998012901744593,-0.2828810667551256,24.72439404655417,0
3.621810905452726,-1.0111405058656278,0.31439020068609014,-0.2983634033722774,-0.558442825727206,0.0495830715376602,-0.3838345755930056,24.78712604357525,0
3.631815907953977,-1.1671750194804218,0.3589736356652482,-0.5561925455585441,-0.24703593260717938,0.4084936016722371,-0.6711202904447517,24.830567798748717,0
3.6418209104552277,-0.6980999060459201,0.8486369676131035,-0.8125837261480457,-1.097886129133249,0.7189517655056512,-0.31838681548618253,24.73951218043709,0
3.651825912956478,-0.781461847837517,-0.06805548710809667,-0.4955247325689899,-0.6451458974809863,0.5521292764637891,-0.5997390575692453,25.02570614842101,0
3.661830915457729,-1.058606081517931,0.5378629357023847,-0.6760034344296142,-0.7804370928768549,0.1902658686959713,-0.267320087600876,25.257535334996998,0
3.6718359179589792,-0.9047158389858508,0.5216450275178557,-0.7873082387567008,-0.7461687095968519,0.4011570194123311,0.1260866535420015,24.66640989226775,0
3.68184092046023,-0.5483794619596665,0.7400726661787421,-0.4420398069495188,-0.3212478309290965,0.506981823709837,-0.3207018311444511,24.984063804094735,0
3.691845922961481,-0.579093309655234,0.7861641007244367,-0.6238009322818753,-0.9228951078309211,0.4129000756906765,-0.5589400927056356,24.980942627615395,0
3.701850925462731,-0.5580978239550487,0.5010192731137311,-0.5076497141177334,-0.6328638137518222,0.6436698597459283,-0.8486458970812558,24.81798991157041,0
3.711855927963982,-0.7443112660616408,0.8575194546504592,-0.5978062002469684,-1.0045649448224032,0.6179452198852968,-0.5266130463617078,24.64310000227289,0
3.7218609304652324,-0.8916426116626129,0.6050126396955828,-0.6206363725111678,-1.0545320383957884,0.6929474083588287,-0.14477494342707575,25.19545659740185,0
3.731865932966483,-0.973758726884802,0.6253993230990755,-0.5011744461033223,-0.47721839632748897,0.6662262016544795,-0.5467309062016437,25.024598666924067,0
3.741870935467734,-0.6334764034143573,0.979984392387595,-0.3590726042563107,-0.42213464999482064,0.5678212679524656,-0.11788730073630349,25.12292883878785,0
3.7518759379689843,-0.8751448211709878,0.9919357577100094,-0.3604179561907642,-0.6509505955347155,0.4731108174681284,-0.34068377953070345,25.138955438580275,0
3.761880940470235,-0.6407691423215179,0.7952627022127404,-0.1599527996700188,-0.32987344591123025,0.6245278922723356,-0.21169330351473933,24.690242828941738,0
3.7718859429714855,-0.5772705675070331,1.1158773339845545,-0.5434200915487944,-0.6950115677209329,0.4727950735117339,-0.6177753374447335,24.764571427561687,0
3.7818909454727363,-0.7069370930457926,0.493172889274253,-0.4964748786442223,-0.32581294390489995,0.4378777984586011,-0.09582205161896057,25.15323762655828,0
3.791895947973987,-0.40207369487587974,0.6622247196834115,-0.32840216163221825,-0.7049386296796156,0.8130828045303728,-0.3650778976777269,25.165975365995436,0
3.8019009504752375,-0.8180622612708468,0.6334988389388574,-0.37949129970558665,-0.6560242729615413,0.7426515043351674,-0.67257711597706,25.2544522638,0
3.8119059529764883,-0.8036256608685841,0.9408913174376164,-0.3733616261645502,-0.5850511620178209,0.7807503773383149,-0.3467017976482891,24.83834744314218,0
3.8219109554777386,-0.7324592311577264,0.45500435852830323,-0.42802987719194474,-0.7375591897463989,0.697092437378517,-0.4510575525379566,25.20374283263146,0
3.8319159579789894,-0.5642603820451273,0.7979008602964799,-0.35097910722210435,-0.33606941990090006,0.7542635254892742,-0.30402908050210553,24.539328363037868,0
3.8419209604802402,-0.3250987959970558,1.001691787189852,-0.7000046187838186,-0.4299813203304021,0.695496965184179,-0.4242337513351619,25.100157989970562,0
3.8519259629814906,-0.16231774988250908,1.1100904541937768,-0.7583480686224313,-0.23445888693778688,0.9807763508344508,-0.31936167981107955,25.32729412755579,0
3.8619309654827414,-0.01782844309903986,1.1121352049287272,-0.4452003602820589,-0.12720833097440365,0.7548922031852431,-0.3912690548713326,24.89457572928588,0
3.8719359679839918,-0.078876103299997,0.7564673658491923,-0.18766812967407354,-0.2132741953050607,0.4562612442696858,-0.32178348108947313,24.369992047704514,0
3.8819409704852426,-0.2373466066105002,1.10905021026162,-0.6116143521524745,-0.2652490287902494,1.1364346176811149,-0.4956638696700384,24.68232772388302,0
3.891945972986493,-0.036646913838531914,1.3354514706657692,-0.4913275621126003,-0.06409106838317011,1.0226424091538644,-0.5421502036934127,24.85440824938964,0
3.9019509754877437,-0.05700713656575024,1.289935513965006,-0.3783362791114845,-0.4185085020577687,1.1597583489185315,-0.4989241404794773,24.899458665648563,0
3.9119559779889945,-0.20461741369137273,1.2728219974874468,-0.3188854121552986,-0.13549488439905555,0.8622496366992148,-0.38304155224390146,25.167441854355552,0
3.921960980490245,-0.7486301659329045,0.9107753587475161,-0.4401069731740399,-0.42437733703913655,0.8533421440114927,-0.43159133232314123,25.52664270949465,0
3.9319659829914957,0.10249239804844706,0.884084347476439,-0.5171524584868779,-0.1844787507172979,0.6914644738081328,-0.35058293613320574,24.772515379333722,0
3.941970985492746,-0.40741847262581954,1.1079709284650676,-0.3596155778244837,-0.3058994764426499,0.9658140331005312,-0.514732741568143,25.075949571411396,0
3.951975987993997,0.013768633953903653,0.9819178965754041,-0.393033144537572,-0.22352606363238442,0.7516190109272979,-0.4283569477487072,24.77602649603793,0
3.9619809904952477,-0.15451128757437796,0.6831518305297646,-0.5805954059465428,-0.1523002626349114,0.7430644417429352,-0.4341912143886533,24.98147074004196,0
3.971985992996498,0.007993272990059183,1.1710331571748855,-0.6106247842419527,-0.3109561955795518,0.5884949114300841,-0.4819779753368248,24.894423604655046,0
3.981990995497749,-0.2105459909593056,0.7391766180361907,-0.5701270071220177,-0.008952098153057031,0.9177258538760487,-0.4946068839234083,24.87610065335697,0
3.991995997998999,-0.210482325897178,0.9933960391772648,-0.6467439712298436,0.09451143134606735,0.4425738002149538,-0.45357253000383707,25.090332201757523,0
4.00200100050025,0.043053190332221866,1.5385869738983433,-0.4051782338270042,-0.19578188971422528,0.7808913434639806,-0.735359857685759,24.975820075210972,0
4.012006003001501,-0.12890218315133187,1.182366816776312,-0.5830511830875669,0.006814039440006577,0.6723194410505432,-0.030744232164101604,24.903627170164626,0
4.022011005502751,0.43560592662842235,1.1604404704515652,-0.3746598825745965,0.12902224380956953,0.8768475540655798,-0.762393098302461,24.916334981754773,0
4.0320160080040015,0.2694433456723869,0.9851665317746485,-0.7499668349092699,0.0698485110329242,1.136777878026674,-0.12576474933189996,24.98139879719019,0
4.042021010505253,0.32191964691379343,0.9179975407402604,-0.8074846970130114,-0.07958936442417,1.1056169095527364,-0.428166920083995,24.926984806187495,0
4.052026013006503,0.10275015961199319,1.3674999677493318,-0.13922633794182482,0.5739302857832023,0.7575290777877741,-0.312409599061971,24.545007235173763,0
4.0620310155077535,0.48903194794298466,0.747515743441711,-0.4186973392321899,-0.06454445535110503,0.6670839576084993,-0.5370944477977126,24.817637421797254,0
4.072036018009005,0.11655649041206771,0.8648477304487311,-0.29294696414344623,-0.04146773377901328,0.8237094769497706,-0.1240991667384945,24.846041090645983,0
4.082041020510255,0.111311562642157,0.9208637224612173,-0.22115734837172213,0.24273779882401342,0.6673320590762942,-0.2689065817974834,24.669312355049072,0
4.092046023011505,0.4214297499836146,1.0402020308707276,-0.5160804738147233,0.06040911862657375,0.5894482710076077,-0.2566515564003752,25.36869415074672,0
4.102051025512757,0.18767710761988213,1.0407229807340395,-0.8692687272394924,0.135187379489073,0.7530247254448138,-0.5434273422116297,24.71904808756312,0
4.112056028014007,0.21125223984355368,0.997111725696139,-0.4866022452684686,-0.17179972575512964,0.32679851349767836,-0.4806821888411901,25.137305975816066,0
4.122061030515257,-0.17536394782336867,0.8274274007303479,-0.5515881361319674,0.5769771722190322,0.6648943864259667,-0.2804730549146009,25.04237714202624,0
4.132066033016508,-0.023017003199510555,1.0687990137816155,-0.40039083441100676,0.42413076214446166,1.5173735976514797,-0.7715986963015292,25.51740899492833,0
4.142071035517759,0.37416785547440934,0.9595034320432997,-0.4496340560803201,0.26047862080397566,0.6076635352824066,-0.2865235385014555,24.544847890998497,0
4.152076038019009,0.609907839474014,0.8047877578386974,-0.6635373116820588,0.27783103317656593,0.9618511544251132,-0.45708577250243443,25.107536085462886,0
4.16208104052026,0.3412811841808574,1.024722744413174,-0.29734457380517654,0.759699718118444,0.6633979104429168,-0.21382593629899255,25.029420261861684,0
4.172086043021511,0.7738456712086419,0.713621088101259,-0.28229906394347504,0.3727975926454949,0.6730724170767045,-0.3266896043254705,25.075672118928004,0
4.182091045522761,0.5181159550152138,0.8837324087347274,-0.11246234451493514,0.630179348034728,0.8464627361798771,-0.4335766700266718,24.7332277515315,0
4.192096048024012,0.7585775307737639,0.9985707487765507,-0.13026998300105258,0.33321781010712476,0.6127793811444041,-0.6677401270260861,24.882258668181738,0
4.202101050525263,0.7924265451078809,0.7118205612071848,-0.2933591726092639,0.43638933319403095,0.7089071152865717,-0.5667023832826765,25.02556283489017,0
4.212106053026513,0.019894356582284,0.7487033012374349,-0.744134174637965,0.7356961439193062,0.7843474968487678,-0.24109742432273334,25.456301868147815,0
4.222111055527764,0.4527367326051177,1.1157415234280506,-0.22811952793920148,0.46670497197227895,0.8401391365125399,-0.5529049751153496,24.7526457515417,0
4.232116058029014,0.5445658539125493,0.6399027216115424,-0.6223221552391465,0.7776436522674566,0.54478773050551,-0.2583075076783008,24.828894590075897,0
4.242121060530265,0.3252687005924534,0.7784024637196485,-0.7898494393731313,0.5377846793446318,0.30584978586652917,0.07153644441482088,25.273408816652417,0
4.252126063031516,0.7329646562314808,0.9551094545728831,-0.5729850600669667,0.6781469941157664,0.6018565819773022,-0.2701734753923216,25.38170605003203,0
4.262131065532766,0.8800336784854963,0.7373961324563382,-0.7309589559422456,0.39481894728773603,0.519179333193922,-0.30131070010193883,24.660938882597822,0
4.272136068034017,1.2368673178643903,0.959542086733048,-0.2757541838219358,0.6180329584557138,0.48256882656563643,-0.5073259703247931,25.02324415555566,0
4.282141070535268,0.8263338384957364,0.3838747356702135,-0.3254763199732744,0.5887748546087994,0.12421996903775245,-0.48592628489370354,24.875918339973506,0
4.292146073036518,1.1718068269188051,0.7188764948370352,-0.6554796602178257,0.732622694244141,0.1765918981565538,-0.0941684663408632,24.858662604454636,0
4.302151075537768,0.7942433904136013,0.847464024446407,-0.6418264114821595,0.3709528655065501,0.3491238906811742,-0.09983918800838423,24.544196177356948,0
4.31215607803902,0.26443773455124553,0.4662365087840764,-0.2699951281847006,0.9047474332864534,0.3525423519556211,-0.3865599519567083,25.346170220276726,0
4.32216108054027,0.4739979524840665,0.45237799441368165,-0.33814797986427014,0.7682007781955273,0.32210438092205035,-0.2940980039382571,24.253501793976103,0
4.33216608304152,0.7325363902096437,0.5938741103850811,-0.5685215634134024,0.7031457024590502,0.4919123944598897,-0.36616004542152614,25.05113913129897,0
4.3421710855427715,0.6870256391363592,0.43444326307838244,-0.24579070953911492,0.7350523139483123,0.26330616130128637,-0.24942387390740892,25.214382937190987,0
4.352176088044022,0.48410107586100953,0.679703490187956,-0.4307979347158578,0.8003694519092502,0.5977603264864666,-0.565172329029808,24.787167699271738,0
4.362181090545272,0.8500135306112987,0.26281867679357535,-0.012215249600739497,0.5548241970637933,0.22454614891739555,-0.24648424549388565,24.639355142177173,0
4.3721860930465235,0.8413243559568253,0.4543262584253739,-0.4213734444200046,0.7176910268664729,0.20680206245059693,-0.5867351526709552,25.09647796340177,0
4.382191095547774,1.2832750487855944,0.3653960639665156,-0.3052912555525442,0.8843752985882888,0.03550649093852254,0.06022766842427785,25.06069863892684,0
4.392196098049024,1.2695667736229492,0.18563194336851405,0.01778096880653318,0.9095874138510586,0.37639885114912125,-0.22986024169339583,24.925441414577666,0
4.402201100550275,1.1932769334266888,0.33050511367824076,-0.7346780276848401,0.5390991890441309,0.20477736132835567,-0.21101147294081668,24.98302345333003,0
4.412206103051526,1.2059983620184345,-0.11789139952387534,-0.307925227444075,0.40616751817033053,0.3698056377239134,-0.2882059946844862,25.125882991607234,0
4.422211105552776,0.7975106846746474,0.4978487684372881,-0.12362339670910041,0.8929386820364581,0.16766117631190217,-0.14960320655767012,24.787932229603797,0
4.4322161080540265,1.1485229667355012,0.541239749706469,-0.11311925819296781,0.6360089739836051,0.24135832012796843,-0.5204214049027736,25.171717093352704,0
4.442221110555278,1.073691522933983,-0.19344068762733976,-0.5548194527200498,0.7302288929404267,0.08424611479510924,-0.49986553423382274,25.116693618805655,0
4.452226113056528,1.0390529305940222,0.11066943105580099,-0.46879132616398167,1.0007479923280487,0.45070002857886293,-0.35081871767515466,24.816349924853554,0
4.4622311155577785,1.0912103489179898,0.04677034961158642,-0.34063260032782383,0.9423056830134068,-0.28717023705267164,0.013457936814392224,25.021804157298803,0
4.47223611805903,0.9138998730191292,0.0692654228821821,-0.315337986480632,0.4507185408562671,0.3686774484718247,-0.2379939595336649,25.132900639134213,0
4.48224112056028,1.1887540307089597,-0.14847026492404863,-0.2081515173669498,0.7452270430955623,0.2139639363137079,-0.6677222018094955,24.97027170992762,0
4.4922461230615305,0.8791391903378845,0.11080970392364312,-0.20381122865361123,0.6582374782313363,-0.12294908179775911,-0.2603891266132672,24.731007331805436,0
4.502251125562781,1.1683717317573281,-0.0809135006681144,-0.8741448026400386,0.725015582809161,-0.2133664126316946,-0.5604528901127572,24.62877200853323,0
4.512256128064032,1.0211405161024893,0.2272339169494841,-0.22499108221891417,0.6781063797455684,0.06038544007401083,-0.3219204436373265,24.791619889251056,0
4.5222611305652824,0.7666829825365491,-0.4202441709814824,-0.36044807127486256,0.8296551109305432,-0.07522746170788881,-0.30916404955985055,24.716276181790967,0
4.532266133066533,1.116515996984666,-0.3646199239900212,-0.12204845129400002,0.5954500031327928,-0.23144187947117034,-0.5151602653732915,24.84957935593431,0
4.542271135567784,1.1862576969593916,-0.02928308694221754,-0.07631649031689314,0.8973846733978238,-0.32666092941088093,-0.2837585750435116,24.76594026126476,0
4.552276138069034,1.2526594638450437,-0.40285079638228993,-0.08796525842346334,0.9678263604515425,0.23512958666559539,-0.29530115556692793,25.21369664787405,0
4.562281140570285,1.4372495535698775,-0.31794425557560185,-0.568374571460635,0.40873334222813434,-0.012990330378823745,-0.5857232591750472,24.88830428411862,0
4.572286143071536,1.0617875093901712,-0.1881116088803807,-0.17089796066329738,0.8239178687460742,0.07565578966558781,-0.3952528229478649,24.79690145846244,0
4.582291145572786,0.8122361654480753,-0.08961673496362269,-0.0704871636096849,0.8636595074654938,0.03217465550906978,-0.4360616785062343,25.50016723346534,0
4.592296148074037,1.2629039232932997,-0.1387865257920402,0.11125255968875647,0.4352803176251236,-0.333618367445482,-0.34314646978875496,25.2164437971272,0
4.602301150575287,0.7387695659873397,-0.16438528136589067,0.03449840996267586,0.8980787511430149,-0.19595724425441,-0.3892617232494833,24.74594471016239,0
4.612306153076538,1.1883257241557548,-0.1896758448185567,-0.24187644460834987,0.6671396453239592,-0.681598091101974,-0.40142851632316057,25.573425726141917,0
4.622311155577789,0.6709880419532345,-0.33696966264799694,-0.02701046823231909,0.49067879132252373,-0.26295040655755386,0.004783697205043985,25.003749796572176,0
4.632316158079039,1.4885211496184252,-0.7375351426504947,-0.01114416024135867,0.6973120833087645,-0.1686682017325495,-0.09005046263465838,24.780053140867,0
4.64232116058029,0.9474974587064795,-0.8039463294150849,-0.09659573733408879,0.7809902373697943,-0.21816079757972154,0.03782747505873599,25.110285952062913,0
4.652326163081541,0.9172829482015088,-0.6367033346696549,-0.354010421536196,0.9474789754289491,-0.08112465272872149,-0.21687510230751947,25.01380082417598,0
4.662331165582791,0.6918321784175134,-0.25360702402847934,-0.07277049322625051,1.0864475300257632,-0.5661913299015224,-0.24028466617532845,25.069433776757673,0
4.672336168084042,0.986280784387792,-0.5584784108629137,-0.3747011259723819,0.8618678072588246,-0.2680488341735935,-0.34334194641805843,25.40663284033165,0
4.682341170585293,1.074403857170005,-0.5151629820707463,-0.17841275418436472,0.7831028464877288,-0.6059584392674956,-0.14945956549484118,24.354284936617248,0
4.692346173086543,0.9982063151038645,-0.8804628783549462,0.11215893828540241,0.5923081300093318,-0.49686478347949486,-0.27636680313721906,24.913588337823377,0
4.702351175587793,1.0883595951081277,-1.0913066469322146,0.07270514915593015,0.711327357083158,-0.716400262071602,-0.3612128210592135,25.50291790816246,0
4.712356178089045,0.5964951998531214,-0.8494091586089589,0.050640957161367656,0.696187835930517,-0.6825763604990934,-0.09813256596833878,24.692274194907917,0
4.722361180590295,0.9859280405082551,-0.4308477726035138,-0.06452678461834015,0.6849432209083907,-0.1622599474890376,-0.13680515402853796,24.64543776237376,0
4.732366183091545,0.8350692557708279,-0.24966014591634916,-0.36795897756312146,0.5238470252246961,-0.45020643703872704,-0.14278663294190863,24.705308925886804,0
4.742371185592797,0.9482206237034796,-0.22595022336705733,-0.11983375905806362,0.39826558401870826,-0.8617587992271025,-0.0756528444460399,25.331163202994876,0
4.752376188094047,0.7968421145571741,-0.7128463609311818,-0.270942210595742,0.3430141256628603,-0.4029422089329524,0.06028402008681252,24.53628106399278,0
4.762381190595297,0.9970425803083567,-0.6192548512218835,0.13282741795935843,0.2748342780407529,-0.8604201074036348,-0.1474670708092996,25.15083532806856,0
4.7723861930965485,1.0149423332323835,-0.6138316527974335,-0.1896081465648085,0.31926229338441425,-0.35803783390453775,-0.30579859811206445,25.488540566431695,0
4.782391195597799,0.5747409079044193,-0.4571634748972512,0.000756285857142075,0.4778951723720854,-0.7241031859018824,-0.17620555319298686,25.128495007712573,0
4.792396198099049,0.6223728519512047,-0.9135087516259162,-0.1620929910341119,0.5012686481099591,-1.0615439948927026,-0.011539744218728623,24.706083632584956,0
4.8024012006003,0.350999209534654,-1.1508968163678484,-0.4816615596413053,0.1942430515181846,-0.7925465490826632,0.2923453794511319,24.84223609723144,0
4.812406203101551,0.5913652406693669,-0.7512095881091798,-0.0905669498430414,0.4291634833874098,-0.9041034450482055,0.19676151998687347,25.542158993091366,0
4.822411205602801,0.19288393842501556,-1.0531682825814328,-0.1666205232118687,0.23062498281760396,-0.5774969408321525,-0.23418120427049663,25.64951682034198,0
4.832416208104052,0.7406028617773259,-0.822066388053624,0.10087782201715587,0.6231745991983472,-0.8044544529557023,-0.24685899342582543,25.023442918890893,0
4.842421210605303,0.6474014371705477,-0.8521336531614806,-0.4137631816485869,0.21949448102659866,-0.718751159032607,-0.09382422903347598,25.59176265303694,0
4.852426213106553,0.16998838310828024,-0.7933231540554695,0.20562983023366865,0.8120387263550232,-0.7964322865749079,0.02453165739844855,25.170928107159593,0
4.862431215607804,0.45795231703790523,-0.9278217236237408,0.0011879531259625375,-0.1713644404621394,-0.5900282486881775,-0.04357011908684389,24.93325753096652,0
4.872436218109055,0.7994846350998672,-1.0557541329821778,-0.1604230608155458,0.7104004172057112,-0.9030261243492252,-0.17386934698933948,24.955892372970744,0
4.882441220610305,0.5291299387211273,-0.8910118781199454,-0.33212105546287657,0.18235272121073612,-0.8675287903149289,-0.07432099787054833,25.12775309758895,0
4.8924462231115555,0.41513843664664557,-1.2986585234677697,0.14541572173943684,0.31571159757456563,-0.47785852860769024,0.03494168483994685,25.330396887320727,0
4.902451225612806,0.3949931157679375,-0.6841628054480529,0.04331181123218159,0.22176419349374887,-0.3082394212615057,0.1288967716788791,25.172123326301325,0
4.912456228114057,0.016311914516427606,-1.220079424137741,0.0036486043687542213,0.24636247781292403,-0.8927588335176899,-0.015719053725281172,25.47658807841308,0
4.9224612306153075,0.3802737593276444,-1.1986788058533595,-0.07094375642492655,0.03196131536355554,-0.8539216664039617,-0.12163672592299879,24.8567063252188,0
4.932466233116558,-0.040451610203630195,-1.0031085413461862,-0.1545033284814693,-0.4174293666476146,-0.37146767913370604,0.18384848995372857,24.8871097825225,0
4.942471235617809,0.1835134534011551,-1.2180432591783652,0.30302966360971,0.5232574537170507,-0.7556311661225774,0.1758141992750985,25.05258603368018,0
4.9524762381190595,-0.11859883376652441,-1.0712400713623094,-0.003456720768105083,0.028087459458240524,-0.8348309735426696,-0.04215376279982009,24.975736450640362,0
4.96248124062031,0.12804762117676194,-1.2051825415219595,-0.16696822895485225,-0.1628401146781816,-0.5988861126568712,-0.4399813876714769,25.34607710299508,0
4.972486243121561,0.36359930248937017,-1.056702763791019,-0.5379113767910259,-0.003198573964016932,-0.8098501493733596,-0.2159468113662356,24.845434481857527,0
4.982491245622811,0.3610166807975132,-0.8655021533349603,-0.19591301012861415,-0.27553772109921215,-0.864193532158201,-0.051491505672482965,25.148859756208996,0
4.992496248124062,-0.08349179408735116,-0.8974222373803942,0.3823161315270471,0.18195744322979707,-0.8093954234283677,-0.04040183539865798,24.892998059746038,0
5.002501250625312,0.22827035276766403,-1.1254318159697068,0.010616121330115302,0.0039533165980051325,-0.9003321399858634,-0.27323584595272515,25.0968923510853,0
5.012506253126563,-0.05148023975363141,-0.8991801709102942,-0.0988624741615763,0.21274070345656582,-0.9747373680804555,0.3486941265045842,24.47570904705152,0
5.022511255627814,0.016291754729333904,-0.9024141618748883,-0.14496906091159578,0.02834898102656705,-0.5420965047521387,-0.43204988572954833,25.150823442247244,0
5.032516258129064,-0.6006294301481734,-1.1879198952325702,0.3462581557307739,-0.1979366195441371,-1.0306055405041374,-0.02324763959646851,25.620371901449065,0
5.042521260630315,-0.4995239854429657,-1.2013528360107084,0.3261905209070527,0.26499043990613813,-0.8135589278043285,-0.2264471930884266,25.62875305054275,0
5.052526263131566,0.1546202439744198,-0.8506263095280836,-0.12950120511608598,-0.14122045566794297,-0.8212045818733903,0.09255367266023397,25.4353004314394,0
5.062531265632816,-0.019303249385391463,-1.1962413285400983,0.3145484220557293,-0.09352289808766663,-0.647199731342734,0.324707477497178,24.666525925145933,0
5.072536268134067,-0.2330773781713634,-1.080438563188857,-0.2680590897362495,-0.11138781442307268,-0.2770068120167264,-0.3316053126316772,24.990315816685158,0
5.082541270635318,-0.12830610900693085,-0.9419512242280679,0.029143653928431386,-0.4649750295066733,-0.7266961430594105,-0.1099373838579217,24.343023488506432,0
5.092546273136568,-0.047745381943889276,-0.766354072910799,0.06834974574855654,-0.18351612319616784,-0.5515613869602538,0.091281971658289,25.271205266428396,0
5.102551275637818,-0.376126210567594,-0.6861524542251984,0.12841381069947416,-0.21449342759308437,-1.0128515792943966,0.10879650327069164,24.750413524751664,0
5.11255627813907,-0.47393947200438724,-1.1012052523924487,-0.14276136275903567,0.1479279392444416,-0.484236288985699,0.44046199932549973,24.63313149413333,0
5.12256128064032,-0.3613432516132068,-1.1854858289462995,-0.062435535346500676,-0.48410059795962324,-0.49351064183607196,-0.017883183546022273,25.320513800108206,0
5.13256628314157,-0.2837098617272387,-0.4537951912095648,-0.21297971254658804,-0.07178058375859409,-0.5023301792242726,-0.12834846194032157,25.302140000941947,0
5.142571285642822,-0.36584545933912704,-0.9468534044878347,-0.07568537873963321,-0.49028145184533545,-0.31112410284053726,0.0714179387153099,25.23463900045944,0
5.152576288144072,-0.6193669207012114,-1.0432735308079093,0.31167718280332074,-0.638864877804467,-0.7928851068319195,0.08302965897711224,25.033411780552015,0
5.162581290645322,-0.5246627024212457,-0.7932072372869686,0.2400148135071033,-0.2441477272425456,-0.895057716538488,0.024323910289073367,25.35842885856308,0
5.172586293146573,-0.33708869614721054,-1.1311495491993633,0.17788704864299187,-0.8084595568045501,-0.6758751467104464,0.46562625820723663,24.715632184819306,0
5.182591295647824,-0.7095470738181471,-0.6871319833485974,-0.19483883511973304,-0.5606969777528723,-0.5526621242141849,-0.035879995200123665,24.929209003836707,0
5.192596298149074,-0.41997355572094563,-0.7381592569052225,0.17319757062165603,-0.5228730140811698,-0.5839625558362368,0.07112057707010919,25.137341682977734,0
5.202601300650325,-0.693763426663782,-0.8407003131327996,-0.07206418580516538,-0.48250313931339633,-0.805549387331282,-0.12206739186820875,25.077598344356616,0
5.212606303151576,-0.5768082249942784,-0.6285353867433918,0.04577583484087942,-0.4138743747652973,-0.5179285925317525,0.19455552057103837,24.752303895159358,0
5.222611305652826,-0.6138508008250094,-0.6924301057573189,0.1394893528482879,-0.9322743294976147,-0.580108607179905,0.552949135452808,24.891988219372905,0
5.232616308154077,-0.8130703208878023,-0.669980511121048,0.20656019018126864,-0.2954168879701075,-0.8472938096324397,0.2615436889853619,25.17712661837544,0
5.242621310655328,-0.7189562562000646,-0.655569202335762,0.35598415763906044,-0.37795848304387425,-0.8072491951508257,0.2841057664066081,24.980593418490244,0
5.252626313156578,-0.6983420280518925,-0.6866091799298873,0.12602845170117302,-0.33199197870258346,-0.5777424544740234,-0.09904758610797372,24.881941043209082,0
5.262631315657829,-0.6988635362458883,-0.43265479328704565,0.2826557035520677,-0.7577890394357956,-0.04576021678138631,0.18258447544543674,25.382617221399705,0
5.272636318159079,-0.7859053088703619,-0.5484048078155042,0.335864571477278,-0.36081099537308176,-0.31258766432963014,0.30881609647347324,24.905473980641766,0
5.28264132066033,-0.8901251780554885,-0.5644869328165429,0.3605040379613591,-0.6651649158867424,-0.29177235476222874,0.42962608789175205,24.725103724277975,0
5.292646323161581,-0.9626072946026784,-0.6343918724993889,0.24128102515413646,-0.7410919258281481,-0.21461295280122838,0.228620165516728,25.011834114472222,0
5.302651325662831,-1.101066668238317,-0.8441894895394446,0.24181199523929392,-1.0776269360026562,-0.26229357907434026,0.11685734727188207,25.97292789087842,0
5.312656328164082,-0.3701591132199083,-0.591451629017283,0.1701650590181166,-0.46627758787409845,-0.10349493015061617,-0.17445984386769967,24.464087360393595,0
5.3226613306653325,-0.9731852736596789,-0.41220136151704606,0.29659923231113716,-0.4650683590422721,-0.6629386081945168,-0.30544916122608123,25.257404258590643,0
5.332666333166583,-1.0306150364259299,-0.9055111805475402,0.23199814288263962,-0.533345487822571,-0.4258623125601056,0.07081863771611278,24.95219133035623,0
5.342671335667834,-0.9544353227332608,-0.7439920345694478,0.06577805194969727,-0.5999990351997205,-0.31517038146983156,0.20058331107159097,24.701455455443988,0
5.3526763381690845,-0.9310927534076169,-0.8818959991451252,0.2501053224095172,-0.4300621552216733,-0.6520128182936645,0.05434245704240036,25.09873203361304,0
5.362681340670335,-0.6578130093867507,-0.5077872250660918,0.08162183435824633,-1.1204898575010147,-0.31382621558322826,0.5844727281978894,25.083207538589402,0
5.372686343171585,-0.9255293874328465,-0.32497208270155087,0.22348062331896637,-0.8994617477289091,-0.1468548527484173,0.22571152390930033,25.0052839755801,0
5.3826913456728365,-1.1279289543475324,-0.09954853749833642,0.3642310209135068,-0.8568687665869663,-0.08783512837184318,0.08551820980046645,24.765398952246688,0
5.392696348174087,-1.0956569924535309,-0.6849695343935898,0.33115383567163875,-1.121202070833649,-0.5102934252739297,-0.22564131414530858,24.974179092162732,0
5.402701350675337,-0.9837088150011835,-0.36627402360435196,0.033847270338913577,-0.9973625290447753,-0.1478738520643485,0.08377986107672554,25.094907496460845,0
5.412706353176588,-1.1396807401933806,-0.2346039061227299,0.5084975562240146,-0.6528716422962721,-0.2991359273848532,0.24971335307982692,24.927800447640937,0
5.422711355677839,-0.9690902948359515,-0.30555280823011643,0.22041487078873845,-0.7341143948050827,-0.3910162181567227,-0.0005502358253423323,24.58343723385064,0
5.432716358179089,-1.2977969924320252,-0.45326376596098783,0.29057434035598106,-0.9607517203234034,-0.06512288916729432,0.21388822094663656,24.409448735968585,0
5.44272136068034,-0.8528582148134072,-0.01681686651906264,0.06526834131743142,-0.7030443567471979,-0.31448092399176353,0.23076677637718876,24.62065047791351,0
5.452726363181591,-1.3476132662416755,-0.22453259664242806,0.24461238747759934,-0.870729519310729,-0.3551814386203794,0.13550672895982585,25.08078842577422,0
5.462731365682841,-1.0021322334909195,-0.08031534186203697,0.14060985974513873,-0.5601793190298978,-0.32868710569645987,0.317218379286132,25.354567327887988,0
5.4727363681840915,-0.9001525571453131,-0.12605138445448094,0.1742048024885846,-0.5898498103468226,-0.35303221628554654,0.029866517381015617,24.880732670352483,0
5.482741370685343,-0.7509997269603763,0.021760505693414485,0.09144213407460322,-0.8608859238472015,-0.16621904603107068,0.0860832301746148,25.293666867567033,0
5.492746373186593,-1.2740889919675622,0.2989702026459901,0.4558392398205136,-0.5816199587711495,-0.11081667720575936,0.20216649761104938,24.570054455642587,0
5.5027513756878434,-1.1048951248568568,0.10737456354357995,0.554502059401752,-1.0214014781152874,-0.06618631218509335,0.20597171358987376,24.581263239342256,0
5.512756378189095,-0.8809272425166058,-0.1047334485373595,0.26126084578115216,-0.8897475470770043,-0.12581600689500502,0.2388621357171346,24.93531712642959,0
5.522761380690345,-1.0718160411089415,-0.07424626123477039,0.36924584468578836,-0.4672321180241097,0.08513429704886402,0.4434963714055836,24.582933422453962,0
5.532766383191595,-0.9631542083007733,-0.11671673459702195,0.014909654413640061,-0.943639478419429,0.3205854102404677,0.43823887766994546,25.072901416616318,0
5.542771385692847,-1.2975260021134214,0.09471015485594594,0.3755393229352494,-0.7576814661926287,-0.2615856885893225,0.07409588731994746,24.980776670755386,0
5.552776388194097,-0.8790281401406899,-0.2741822639964814,0.2876293838567696,-0.7604193036595118,0.301957037882049,0.3946148600096804,25.17477139564264,0
5.562781390695347,-1.1406005357733158,-0.1856431529092084,0.24624789449572854,-0.5841635825046312,0.4354567251172488,0.40199657718596404,25.12880224684052,0
5.572786393196598,-0.8980419026698853,0.11545391976812588,0.30359930390132656,-0.44536196071239653,-0.007169465862149671,0.5866448482316107,24.903391553652384,0
5.582791395697849,-0.7012786559736717,-0.024188865519635394,0.4514930180060579,-0.9204460894236743,-0.07731412928093967,0.3111565507006916,25.30284153657879,0
5.592796398199099,-1.1267939709730597,-0.012386642245211132,0.32059119546818143,-0.7837316123589245,0.33959716538807505,0.46108703294103565,24.982175445618253,0
5.60280140070035,-0.5771994413149955,0.3622219829507096,0.2742692383938616,-1.080953555239644,0.20136812317168745,0.207566242593966,25.28809143888444,0
5.612806403201601,-0.8453610062837383,0.11114616965276089,0.38254550260186115,-0.6159799505318767,0.5832222670609941,0.4559764937385348,25.228253996293443,0
5.622811405702851,-0.9144716804749612,0.4539845454661353,0.6024806680000128,-1.0077465830143253,0.23116985006176516,0.1275500005357767,25.11374593561784,0
5.632816408204102,-0.6681603449575714,0.28585768128416605,-0.12105185523339657,-0.8138079730750772,0.5068967773061861,0.39313319519836876,25.128455874343175,0
5.642821410705353,-0.9570162285951754,0.17797645009993568,0.4644407807071021,-0.8876704165831486,0.7838454245512056,0.4032069747766701,24.825805509233813,0
5.652826413206603,-1.009217320482254,0.44329529530725315,0.3177973065972372,-0.48618546169763205,0.40679054325278596,0.14623180501956412,25.567132205546734,0
5.662831415707854,-0.8621251286310869,0.6432973311025002,0.2483103584368193,-0.6249663103992005,0.4538455149556157,-0.08196533047861365,25.604582533138192,0
5.672836418209104,-0.5980430198702358,0.4372520021169352,0.153701202008058,-0.6154252068830859,0.43069239215978555,0.3704579097920292,25.057473218858227,0
5.682841420710355,-0.7382630475000429,0.8328034527089008,0.49191613873587303,-0.8815400960709707,0.7071864208069221,0.6307593108657725,25.945617020353627,0
5.692846423211606,-1.0467200600221112,0.6180332131092371,-0.03404369234245802,-0.5469871714235115,0.3459253887499911,0.6905899976012623,24.767615508994425,0
5.702851425712856,-1.1415558214696313,0.5007560125061414,-0.008701397399693112,-0.4927554801994811,0.06299039926605221,0.3148084417116193,24.37665645404314,0
5.712856428214107,-0.8486827677518354,0.9486485525704165,0.46248476618545575,-0.8003972864685924,0.489737639339791,0.31588752472752674,25.141789103753023,0
5.722861430715358,-1.0381237692468455,0.7628380862714437,-0.14662581066406505,-0.7377785877453061,0.41780493671127306,0.44206737773943977,25.00678925580306,0
5.732866433216608,-1.0252381238961898,0.47104120951455664,0.43782352597867635,-0.6111138788728574,0.41860704581521846,0.22230326135296014,25.208850399147785,0
5.742871435717859,-0.8263023473382602,0.6734768546695966,0.8358469245541973,-0.8629475935883186,0.1825075364653973,0.4782056185101923,24.79640708161177,0
5.7528764382191095,-0.7643356635526314,0.5572363867333344,0.3536081398579598,-0.24084290398401753,0.7311998216112697,0.4968992367865652,24.575131883262205,0
5.76288144072036,-0.9081510439809202,0.16731967832499717,0.247336456861925,-0.3509956000591453,0.6914976313273403,0.2830674442723559,24.993309914884584,0
5.77288644322161,-0.7922598488926915,0.7970287186944501,0.5659680459579393,-0.846763549784183,0.6647910913387444,0.5167208862403865,24.87546991331099,0
5.7828914457228615,-0.4902585198856878,1.3392024597857515,0.39543835051138115,-0.4256575038467789,0.4734058399807145,0.36929575980741774,25.13808148749469,0
5.792896448224112,-0.5667233262939652,0.5917602827083994,0.4610279769457037,-0.19211424773486685,0.7262866302230422,0.5282019359588591,24.928896408996213,0
5.802901450725362,-0.4304065556824382,0.8701946450793834,0.23295583970308698,-0.4006050818939694,0.4531335292608004,0.21193433353546837,25.056798492187713,0
5.8129064532266135,-0.49505921344936576,0.5943318546864639,0.6372506175762654,-0.32920519884021787,0.524796991039335,0.03364581138191708,24.95652862627557,0
5.822911455727864,-0.6172704953410364,0.8718216280109841,0.35707819947066877,-0.8239567742040455,0.601685441620072,0.28263740314776314,25.19009830743222,0
5.832916458229114,-0.640773697499608,1.2011047700657291,0.050553567175525005,-0.1386735105013936,0.6474320741373518,0.5182223163134124,25.02394044521762,0
5.8429214607303654,-0.24577961197090062,0.8032188711352037,0.2162693124320026,-0.09485171788658298,0.6818568820601846,0.3931064126988942,25.37042557421344,0
5.852926463231616,-0.6521707808551563,1.0142408665610685,0.3210572490258444,-0.38305765707788986,0.7305699427034315,0.05118458796535086,24.76634888715387,0
5.862931465732866,-0.14721379621294028,1.085948065989448,0.42948168941831094,-0.2853180080538759,0.6681193614906996,0.6249243610726027,24.93989422666175,0
5.8729364682341165,-0.3422962348921773,1.1505853140634934,0.2894388441894584,0.0008261142440612601,0.4310111462393889,0.6818589391494716,24.888197324814406,0
5.882941470735368,-0.40805673259765,0.5551365079484085,0.3567874067066537,-0.4955748926314518,0.6249815646733032,0.3307348869879779,25.287337484341872,0
5.892946473236618,-0.28849348757177806,1.0055113132228397,0.23140490634102687,-0.4401621442020687,1.114925789704356,0.21336682033546214,25.49686247561719,0
5.9029514757378685,-0.3487975624149522,0.9543384875890405,0.6672730383315855,0.014230226276708169,0.7409422082324543,0.28491139432417184,24.983223865443335,0
5.91295647823912,-0.2024684386630032,1.1411042482725753,0.4566655631069353,-0.09227069584291078,1.0979467551730877,0.44091759549944093,25.093495856801432,0
5.92296148074037,-0.5434499477431649,0.44470893292620206,0.536042270946879,-0.21069907243629554,0.6737274332506634,0.4153997409179452,24.981878881240927,0
5.9329664832416205,0.016517188833197194,0.9951295079473731,0.31145754796208763,0.0308021587569918,0.7388996524472216,0.47398110071535837,24.85677678814216,0
5.942971485742872,-0.30816881440902166,1.0008273121402635,0.4658101684077334,-0.046597342774260905,0.733465782220551,0.0033235950051176966,24.870167834923482,0
5.952976488244122,0.0115717213639146,0.9296327273808631,0.4162967690462304,0.07952172352930857,0.6488917091318029,0.06389811599073214,24.95181066414235,0
5.962981490745372,-0.2128698910064322,0.7999958494993908,0.432753175201111,0.005473048844008899,0.7927383784464702,0.43565930764192684,25.544022309554627,0
5.972986493246623,-0.15333937453552876,1.0520708167205945,0.36816766116141453,-0.23708282575660736,0.6801393411497745,0.28025655264065547,25.107842739264136,0
5.982991495747874,0.4164067887978957,0.8553640673149006,0.3887924455035165,-0.055351297456054264,0.8780179733980044,0.4304041676922442,25.385228738184434,0
5.992996498249124,-0.5072787886130304,0.5223719884305804,0.37497441773489404,0.20185973790395076,0.48667676365465273,-0.22220642622921238,25.17135382186576,0
6.003001500750375,0.058160797710536845,0.7819138613031702,0.27899972878430307,-0.18640526155093973,0.822071497625233,0.25562306390618983,25.148219175692656,0
6.013006503251626,-0.5300755670797064,0.8277949269416174,0.25277919538251287,-0.01858832327356097,0.6917226882757141,0.5419607460309317,24.442198968501984,0
6.023011505752876,0.08132811917107467,1.1090552996789484,0.8511262578174625,-0.038569335094755616,0.8628021328997894,0.023064857891584245,24.282413138706094,0
6.033016508254127,0.27249340401949845,0.9935133848625217,0.717230250111726,-0.19184975470342308,0.8996807827794593,0.7589857378304038,25.12591168250718,0
6.043021510755377,0.19006125266367407,0.9925915308512656,0.16900624747116127,0.3789105483784411,0.6705327237881035,0.4874426823936784,24.531089708028624,0
6.053026513256628,-0.07007366873884135,1.2731738078523671,0.4153005313685746,0.4233097065386807,0.7732789305946324,0.01942923673654301,25.267620279919516,0
6.063031515757879,0.0787493068696514,1.1201959129297565,0.49130498694642194,-0.1512414292519557,0.8172254732551921,0.8282548791812843,25.14789593755434,0
6.073036518259129,0.21593938524329928,1.1888600907737488,0.5298214673789594,0.2238611947280724,0.5607080938740749,0.4369198246285895,25.31063302492508,0
6.08304152076038,0.09072098752116503,1.251061858576378,0.47069444178788494,0.02879283204522784,0.9724565708456397,0.33386967014587426,25.227854466245834,0
6.093046523261631,0.22981736972419897,0.9456143095095981,0.5890182580833228,0.28871468845872633,0.36695727448211535,0.16799622575429315,25.278822995437245,0
6.103051525762881,0.29169278394537895,0.843304160508877,0.21978448224689295,0.03854881712538105,0.35408060885813963,0.3729432844984037,24.820468725825688,0
6.113056528264132,0.15443926878922612,0.9239600713346828,0.5654087884454093,0.6968450640310203,0.44769112118197607,0.6259679384799938,25.29193046830452,0
6.123061530765383,0.2212315069254538,0.966840073730888,0.40212552197114754,0.3387777599243829,1.0427805089318556,0.5160429839971992,25.15258251197003,0
6.133066533266633,0.319908923390596,0.6170747210682764,0.4529180078829901,0.5660982608780026,0.42567527192458526,0.1846714463575183,25.03788032087022,0
6.143071535767883,0.23755951792728014,0.7421717381712472,0.4107732287220823,0.07446889907935622,0.5257167728321581,0.5370799394116359,24.60778906533071,0
6.153076538269135,0.14300651679480092,0.7605720568818564,0.6426870182645995,0.33068039335563687,0.6163454266077846,0.4059084937132257,24.476287770142104,0
6.163081540770385,0.5891555748859167,0.948288864221281,0.41515874633107624,0.5933564576640116,0.4717822665618341,0.6231981515708902,25.046348099678575,0
6.173086543271635,0.4500531600146731,0.8517909094743011,0.4762134475431631,0.6579475216757897,0.4692766837441681,0.24562927273496152,25.310890867621744,0
6.1830915457728866,0.4248948384082291,1.019190648154646,0.8381208909231834,0.3548424549676741,0.8075396914657234,0.16784849918918157,25.226419989420343,0
6.193096548274137,0.6099873687506568,0.9161811819964386,0.36960781791952513,0.12386537412920823,0.7579092334014175,-0.013702844634607636,24.90479485232724,0
6.203101550775387,0.7838765055384957,0.8416309603995324,0.8888004664557849,0.6815339363199562,0.5118214529148248,0.4047682259685455,24.98578878923667,0
6.2131065532766385,0.30415392717081563,0.5960560121796649,0.38731056367718286,0.0892273233008456,0.6368073300315571,0.3497558271279158,24.49813182960653,0
6.223111555777889,0.7257679409306211,0.9074201049416903,0.5451214985349522,0.45112665925832973,0.7296848751531697,0.5358157543049178,25.092221070915908,0
6.233116558279139,0.5037019054593022,0.7989204968154138,0.7389836009183272,0.4155736727146575,1.0144681427970283,0.29478378980550823,25.00972210400204,0
6.24312156078039,0.557165712208795,0.7668747205095691,0.15153698319469305,0.4441219053647056,0.35935220259070016,0.42705272695585667,25.298334212652673,0
6.253126563281641,0.8432192739438927,0.22579543305400768,0.9084100714181136,0.6302704173409596,0.4048020160820288,0.43142249646421826,25.052856946750808,0
6.263131565782891,0.6022981435236036,0.7169257580688628,0.3784374682190872,0.5076619109931285,0.4046181125293412,0.11341128264658834,25.043750941064616,0
6.273136568284142,0.8736508827235537,0.7568651390920456,0.663773737131083,0.6701408383392025,0.4165656362580363,0.5677637221694667,24.59274473804742,0
6.283141570785393,0.5966324162931974,0.4369484462028712,0.7155776578848183,0.8099710570645698,0.6012918157990151,0.6140391298879244,24.736215165276402,0
6.293146573286643,0.8658940721105863,0.5800314683059962,0.6686416600083708,0.6138951920002728,0.40706450550408696,0.5075938950973085,25.26285075015737,0
6.3031515757878935,0.6811278496089894,0.5675313882400441,0.28719698701064944,0.1522253073640919,0.5038891442911614,0.5208891622421103,25.07862004272602,0
6.313156578289145,0.44270147466664644,0.4836840926769618,0.05475657765580805,0.9400312761048529,0.22587226653018816,0.6498216256247988,25.283760893105242,0
6.323161580790395,0.6694901657952841,0.3008573106588942,0.5679624028412271,0.5108217816053829,0.4424283691615961,0.3017451694897839,24.46565247566031,0
6.3331665832916455,0.41966975078686086,0.5457904577500599,0.3849603391717761,0.5819927203065757,0.5395356542596694,0.63250596607681,24.918236583591458,0
6.343171585792896,0.8129434726581692,0.5730271403047066,0.22518969979329123,0.7494811821816527,0.4887760213099747,0.5333074926700909,24.418974189249262,0
6.353176588294147,0.7432216464025965,0.2694235491967658,0.5157806362019121,0.8125430762451046,0.6554030412983636,0.29764950018244096,24.850728250507235,0
6.3631815907953975,1.1389719629496413,0.4760295775426601,0.748481607713751,0.7849756479410808,0.10194802812662512,0.12933537342536372,24.53454632528232,0
6.373186593296648,1.0540947769039368,0.6256598864129305,0.8638935571445506,0.9059685944264418,0.5429201329434203,0.27921363656308257,24.653075254976844,0
6.383191595797899,1.103436625778846,0.44231977063770944,0.5145017373942656,0.8242109035628662,0.3516639926435046,0.651173661991582,25.388495675445085,0
6.393196598299149,1.0530790837212876,0.4984328626673816,0.5947391763138278,0.6631540641956508,0.4147307655064648,0.11464231889124576,25.316167465688764,0
6.4032016008004,0.7152119008301534,0.35659633631473103,0.3217319187850983,0.8739709876415738,0.23276349797904577,0.07365897674359762,25.126209889305542,0
6.413206603301651,0.8474712689375407,0.4455326113513272,0.48978631818332286,0.8495285365208739,0.02392882274788033,0.27375049806368074,24.862408409169674,0
6.423211605802901,1.1423834853862027,0.5743802372239082,0.3271679216268125,0.9922040204016893,-0.2428116278148922,0.1517239373618524,24.71236646314397,0
6.433216608304152,0.7075695553456751,-0.10844731196195787,0.5694059759940884,0.7396434950414834,0.24249737231746848,0.5275394920775257,25.07968509795176,0
6.443221610805402,1.1156860281944136,0.16352371169836927,0.24793448822629996,0.9988695505356304,0.024121708601233124,0.20114727295747395,24.94662463725868,0
6.453226613306653,0.8066611161228405,0.0629286181257125,0.552594206091767,0.8610469878349399,-0.06243425766624672,0.28948566283351007,25.322299901431073,0
6.463231615807904,1.0926160096838262,0.5302675897532846,0.7181828409571719,1.0235274026216183,-0.1853700445842994,0.5384978352937776,24.984067959490925,0
6.473236618309154,0.8862710279352329,0.11758368117424833,0.6694970831544018,0.8973402291151487,-0.10851026981421791,0.5328556037042081,24.80872373737721,0
6.483241620810405,1.04195103788394,-0.008046330903618434,0.4349031506041241,0.9521401262809682,-0.16593979788973284,0.771980135616386,24.45367417921165,0
6.493246623311656,0.8802414048554913,0.09525714491492718,0.5936851947604669,0.7797248090908292,0.005493672940954694,0.46356790624424726,24.930679156762697,0
6.503251625812906,1.2785840760294918,0.1576547167435983,0.6494578210670157,0.6067269148799251,-0.024049769763318303,0.31982117094857027,24.69831958729316,0
6.513256628314157,1.0711657289030658,-0.14916403952373622,0.6039692400799499,0.5852680011122637,0.3105002121941459,0.19904424756950964,25.065790701160132,0
6.523261630815408,1.1557028116428791,-0.1871416261490036,0.6413029767389168,0.5520280400921292,0.23201270774932728,0.379477251435013,24.821076577609336,0
6.533266633316658,0.9347074223903157,0.05746378928110431,0.3517645429855466,0.6457634836160865,-0.1277633711946993,0.13953205853051376,25.546163172382546,0
6.543271635817908,0.8774952091579638,0.030799822479314343,0.5083218911754962,0.5957124918243332,-0.10960976964795899,0.529942855418903,24.943521599474106,0
6.55327663831916,1.22464831422238,0.037709952841853134,0.647909390390861,0.6968892255871402,-0.34924299012791316,0.24858361449479727,25.058872282200017,0
6.56328164082041,1.0894606033251388,-0.63181242580517,0.4601289598631613,0.815860453559571,-0.2135073671455748,0.6276560479515849,25.126534022275262,0
6.57328664332166,1.2356507687492377,-0.2714001661999109,0.6467992905130565,1.1059031886119506,0.07977224015064063,0.14901471492359059,24.923897176737285,0
6.583291645822912,0.8969267731972121,-0.1608416332216848,0.5940540928646905,0.6049892366245899,-0.19338632940617273,-0.03855876094180022,25.432583501740567,0
6.593296648324162,0.8548779537671599,-0.27774867660138003,0.392260825338512,0.995087756524682,-0.7986384599356993,0.36003054604371765,24.96825437275069,0
6.603301650825412,0.8570728749437613,0.026380336148242922,0.27406046887700636,0.9125993574168105,-0.18384142064189016,0.6135249390256317,24.799843274566747,0
6.613306653326664,0.7907174228865161,-0.12927950376924707,0.5338548422257944,0.44086149283366266,-0.38665579110443554,0.4363089952174301,25.251329266463976,0
6.623311655827914,0.7900501836967235,-0.9606289303673513,0.5506284974620865,0.49665291347945656,-0.7056899455476527,-0.20967809674508425,25.244194258059323,0
6.633316658329164,0.9392902538045611,-0.45182006160333166,0.7209115161626396,0.8583183475834688,-0.0020910198243218048,0.07593822042267051,24.98963481281381,0
6.643321660830415,0.5769920558402241,-0.48107455053689385,0.39043621437321685,0.8455905121164758,-0.3390456911042607,0.476808935757225,25.211032039941667,0
6.653326663331666,1.3171990226168024,-0.5263367961860692,0.24893801072282307,0.7581873527754209,-0.5310779775309842,0.6461061943721863,24.91503458831643,0
6.663331665832916,0.7581011091853073,-0.5851623338918053,0.5777401023229034,0.6654237095617873,-0.5210527157553417,0.6803156776275663,24.743149047801474,0
6.673336668334167,0.862472047440262,-0.38757474085715377,0.10463505115285998,0.7803391663881156,-0.6254503120394498,0.5092782147558202,24.711204696424307,0
6.683341670835418,0.977210108278034,-0.32349438889703913,0.5999667214433926,0.7211883711742301,-0.48198899031072523,0.22685961778649644,25.44131040724513,0
6.693346673336668,0.6812262464260717,-0.778161195321585,0.557462943280968,0.49767287173038116,-0.6466110839792941,0.050790472585568625,24.855127048161844,0
6.703351675837919,0.7862401118126876,-0.5476527905417586,0.6112930620590393,0.7476060780067478,-0.5151913527697547,0.29718631528337014,25.153047240674557,0
6.71335667833917,1.0381619325158644,-0.5959424151801863,0.32378174694291595,0.4283451197270113,-0.7860052569439062,0.46734026863670286,25.173393557091867,0
6.72336168084042,0.8792112485408152,-0.6712575952982494,0.6955049604241664,0.5141671358986228,-0.3253667173808295,0.3235458299987444,24.8174947705962,0
6.7333666833416705,0.8615807766158854,-0.5872812398239059,0.48195719708318574,0.6107154565331062,-0.54294538719193,0.8061245147579281,25.355276993558853,0
6.743371685842921,0.8662422069359587,-0.6698703006246771,0.6083738218516398,0.6809404176293754,-0.5485431552574768,0.26484104033266176,24.975724798701194,0
6.753376688344172,0.06548087296595739,-0.6724478019399068,0.305562576984938,0.8781868157698317,-0.5677855616771973,0.08481355049861561,24.985035953761564,0
6.7633816908454225,0.4675399172810739,-0.6415184262122067,0.45769893434335107,0.7329792336565133,-0.747136285822673,0.32640918842599265,24.59049346137201,0
6.773386693346673,0.7935926520059899,-0.6533303453680613,0.4948589838404937,0.5229587627682258,-0.5227290870071104,0.637426205369703,24.914471722887395,0
6.783391695847924,0.6569069265333081,-0.9944865949081984,0.21817175764540805,0.5229049704516945,-0.40102235871715175,0.26220299512174516,24.92922504120636,0
6.7933966983491745,0.5230634911075499,-0.9036015921832105,0.4468822759739033,0.184100902971011,-0.3811322910781312,0.17722592823981909,25.216571045631444,0
6.803401700850425,0.3251063640004118,-0.681484170500736,0.5182796279555862,0.540125281184529,-0.8510874616479421,0.3570222030337648,24.645083144579683,0
6.813406703351676,0.5026468962530258,-0.6271661544300631,0.5391731319091506,0.445596226325897,-0.861400334881471,0.4329837396308404,25.00581437130941,0
6.8234117058529264,0.06268340394877481,-0.6934964461357901,0.3708681798053297,0.6618874684725021,-0.899072032887836,-0.3347689653757856,25.083725157503554,0
6.833416708354177,0.558085879847414,-1.2042906647727951,0.17583744840284574,0.9508620643527959,-0.7540471942319645,0.4434216813361769,24.804802051789483,0
6.843421710855427,0.05424547635597882,-0.9154862693657516,0.314180327746771,0.29786919716761384,-0.7280758631065349,0.34669464617232093,24.954964914623858,0
6.853426713356678,0.19157115867706587,-0.7986052024454734,-0.026867288200212558,-0.05457357764360915,-0.5688376296659754,0.3918097047184891,24.98278139047779,0
6.863431715857929,0.13691004671911977,-1.0509469169089107,0.3061061559986257,0.013621004421284666,-0.8752975146239232,0.4173904720640772,25.428191609286763,0
6.873436718359179,0.30332920019951787,-0.7706912946959625,-0.028564758449524497,0.44166316880770473,-0.8983808553928421,0.3448669278759692,24.925674274528088,0
6.88344172086043,0.6221328377665866,-1.1085895297166217,0.47530426958314975,0.2305385359885491,-0.7786230156408432,0.24305562942478484,24.746298068651765,0
6.893446723361681,0.3257104219614026,-0.9570231053536961,0.3935115240873233,0.279725201252762,-0.5959958588210181,0.4609125027342557,24.68481300345166,0
6.903451725862931,0.4724403504991237,-1.1916187734923762,0.4582605407023834,0.36289643724534937,-1.1457445687888252,0.2911473397657511,24.859451165991906,0
6.9134567283641815,0.11679337219477456,-0.6930962769142603,0.20532557097791976,0.05356175320186968,-0.7554744064422305,0.40596706854400616,24.957505424196963,0
6.923461730865433,0.4714158182183444,-0.8650352864030083,-0.10426194990810073,0.0846199745661935,-0.889352754907001,0.3609764419164328,24.212554883087765,0
6.933466733366683,0.7173036838408808,-0.8720294292659287,0.3564222085940602,0.40231493696169834,-0.3138569080332917,0.43546680716609826,25.284643928941485,0
6.943471735867933,0.2027947959196155,-1.0125776628285017,0.22670265983864368,-0.023896965521517183,-0.9248208296639892,-0.012621793956897498,24.977238564794494,0
6.953476738369185,-0.1912961888692552,-0.9511547410927665,0.30975965129583094,0.14589692093815532,-0.8958967507412054,0.8689926923595401,25.408034770054094,0
6.963481740870435,-0.13443450817243835,-0.9468526279859104,0.19053845643793346,-0.11131675186587785,-1.062755410601819,0.3361550861721694,24.795585929479127,0
6.973486743371685,0.27676277686120265,-0.797776629301734,0.5819871343872653,-0.10391929556989124,-0.7021533356278555,0.3722542492044405,24.85774654746881,0
6.983491745872937,-0.1025154273306271,-0.6767513238449,0.34771944515062225,0.16866472146070594,-0.9633395679656612,-0.002080677301069589,24.829165067652365,0
6.993496748374187,-0.0043751312302640795,-1.21263530457809,0.2952195490900177,-0.32135772061551177,-1.0238425270656706,0.3719330583114505,25.18113715608337,0
7.003501750875437,-0.08937620600532349,-1.2034923506020159,0.08662906485568417,-0.083454331530623,-0.6710478927002419,0.419336958397574,24.851040479355408,0
7.013506753376688,-0.27311846992313826,-0.9455311397552354,0.1222778716952371,-0.13758651555318566,-0.5342246757753942,0.39501097836947924,25.047392293675436,0
7.023511755877939,-0.3281810114520866,-0.9549939547802877,0.49434605104863394,-0.13416450213674075,-0.5275957966221926,0.4840007322165443,25.49911984964304,0
7.033516758379189,-0.04405291061119826,-0.8769831560997506,0.5594372313023492,0.005397558679820044,-0.8958160184068051,0.13157125160333275,25.07156648613212,0
7.04352176088044,-0.3944143186759228,-1.0193191114173807,0.4906506560059665,-0.5472923976623996,-0.4856374423167307,0.44154782962856454,24.862070615250857,0
7.053526763381691,-0.05868971882611239,-0.9852649678762684,0.5120378739658404,0.06264232103360878,-1.068729755242629,0.3302843229153184,24.938311643907024,0
7.063531765882941,-0.18170188323306785,-1.1257821458994925,0.6103237292102202,0.04939764611116493,-0.932072445359017,-0.05836506907320407,24.884298210706646,0
7.073536768384192,-0.14207251828600492,-0.92539159392044,0.5059381872800413,-0.025194493567242376,-0.5848324050171663,0.26962037798320154,24.583210380936702,0
7.083541770885443,-0.29859120902786374,-0.7537381898168358,0.23958198655057955,-0.10694312851403741,-0.8363545732880818,-0.0060531119039619885,24.962996780786167,0
7.093546773386693,-0.2278641659584874,-1.088263018347413,0.19727977373767472,-0.4196315720492111,-0.5418513960512802,0.13664646664959995,25.435826663537856,0
7.103551775887944,-0.013860077235124835,-0.9637584915695375,0.03722909095669255,-0.6728672934213127,-1.0524468535055094,-0.08363189500680202,25.41354088823845,0
7.113556778389194,-0.32606499091434765,-0.8591161654766094,-0.21070631537365048,-0.5189772125312418,-0.5722137009467483,0.24405713160721706,24.95583841639432,0
7.123561780890445,-0.2655367050216177,-0.5984396129188483,0.18359155269926308,-0.2889301808616999,-0.701959955570548,0.6606619633801372,24.370193120674294,0
7.133566783391696,-0.27076192946534267,-0.9362073590479691,0.335540541370105,-0.4573997367374283,-0.7403905336086153,0.3200310727997143,25.933873060313154,0
7.143571785892946,-0.2742981868337595,-1.069605597743978,0.1317852895676462,-0.43940716144810993,-1.0791226170363042,0.10721174243746205,25.219848724546523,0
7.153576788394197,-0.7188201243204717,-0.6761524440736428,0.3084089920708615,-0.5180256247982977,-0.7369851068945785,0.48834758381140175,25.22006434405176,0
7.1635817908954476,-0.4898269010983034,-0.9183670330240026,0.22045931420999196,-0.4956196172508071,-1.1176141968492477,0.5725455822026743,25.04659749975982,0
7.173586793396698,-0.4390784914731761,-0.8665330505384183,0.052365186233637506,-0.452151251787901,-1.0038401528892915,0.614928136713505,24.62964640047328,0
7.183591795897949,-0.751713099325903,-0.9262798941624167,0.4512232203360884,-0.43335407419264294,-0.9178096018342018,0.4057541324439583,25.219300188035643,0
7.1935967983991995,-0.46370604580021385,-0.6775297001024121,0.6666693809141833,-0.020095450787581015,-0.7938843072699232,0.47501459920038497,25.11495045692767,0
7.20360180090045,-0.4970826084876664,-1.1407684905951814,0.1478790881515082,-0.640086135439486,-0.4762396964345508,0.35978109306387895,24.377654094695107,0
7.2136068034017,-0.6262278195403747,-0.5587872195477611,0.13875092744393377,-0.35164394839114355,-0.5562945228798725,0.2092014223158235,24.91860550657951,0
7.2236118059029515,-0.8894418064164832,-0.9875370889367006,0.3120598675141884,-0.5130088653676964,-0.638287296482801,0.051373483234029446,24.908443346355774,0
7.233616808404202,-0.46040979946300964,-0.8095974441405677,-0.10394783508894556,-0.38710337158047536,-0.6350142349865132,0.13769125916364985,25.48227349191985,0
7.243621810905452,-0.6969091171611005,-0.6632959223164229,-0.07746981306325093,-0.5981714950229913,-0.45500091651041413,-0.18442283861111716,25.060253527934712,0
7.2536268134067035,-0.6949592473263909,-0.6907468119805394,0.35977141777930266,-0.5052062665145776,-0.26358906280713307,-0.07684619268068404,25.040777370165504,0
7.263631815907954,-0.7198381199379325,-0.890036324857824,0.33759931104840635,-0.12445052060217399,-0.5443495557822126,0.21807646615886306,25.0253555427446,0
7.273636818409204,-0.9003346339858068,-1.0168506235380614,-0.0008368453638012141,-0.8844858361938437,-0.18133843877030303,0.08923234221956963,24.89622420128585,0
7.283641820910455,-0.5999247324569185,-0.8529171511693082,-0.01909959570998679,-0.6085899440818596,-0.2970997461938084,0.20775557854649662,25.074497542754763,0
7.293646823411706,-0.7815014289374121,-0.5237671817064395,0.16853792903679418,-0.8436944357430796,-0.47383563792280536,-0.11217185337479592,25.024324762870247,0
7.303651825912956,-0.9118365895474738,-0.0705889623120669,0.11414234169378984,-0.9334135142521782,-0.4896082716302963,0.2015687238828834,25.502009183845757,0
7.3136568284142065,-0.951373696631889,-0.8690303690742245,0.2793831875088754,-0.9429063144952465,-0.5292669077170942,0.04128853107594453,24.979109964009968,0
7.323661830915458,-0.7126031702195605,-0.6628052774856675,0.055146162996744436,-0.6832029198974199,-0.3909431453189544,0.10747904568566181,25.130801732566773,0
7.333666833416708,-0.6977808871394726,-0.42056554924699946,0.1944679757505116,-1.0096836646035516,-0.3892283580686184,0.17890220643925608,25.218682358371137,0
7.3436718359179585,-1.0202756365624757,-0.6034211419153562,-0.017226806250283153,-0.5981616053943049,-0.17051441856526006,-0.0034173584131711038,25.272388694088114,0
7.35367683841921,-0.8714951061649486,-0.46852546581857013,0.04914351406017417,-0.5676305814778626,-0.2898190849514523,0.5283013735485419,24.7443326071008,0
7.36368184092046,-0.8060709964650858,-0.5211252505996274,-0.08862445693823347,-0.7299264969038594,-0.30475754302845276,0.6518210633796147,24.94475625529504,0
7.37368684342171,-1.1483286977647866,-0.33188939707463627,-0.3358959593525943,-0.7562257180151333,-0.3059881759997787,0.2221457151143858,25.292086674828354,0
7.383691845922962,-1.034697388052546,-0.3874390332715127,-0.08040550283412334,-0.9727992823783409,-0.22387402840029397,-0.1964621790889112,24.87561192982844,0
7.393696848424212,-1.1437861173912234,-0.21785130201587663,0.42687978785417835,-1.016118656889767,-0.6328340479986567,0.02829763733069111,25.00470933878733,0
7.403701850925462,-0.9108540367249083,-0.3871999404242048,0.020230486497035953,-0.6901666363529738,-0.03026249137290085,-0.3427230770539587,24.88931816829056,0
7.413706853426713,-0.9207157082298655,-0.45138463547848884,0.4003473100559419,-0.89786394966021,-0.2224900690465299,0.1544951263304437,24.82261456335943,0
7.423711855927964,-1.340731858111572,-0.3231093568447016,0.2537479786462297,-0.8445128241975786,-0.3591896214609117,0.22342233586920163,24.900767531193083,0
7.433716858429214,-1.0804295619576068,-0.17684177214086244,0.19574882795183815,-0.3063752130355416,6.082947266511374e-05,0.2652470221001334,24.848210140303642,0
7.443721860930465,-1.189584644783438,-0.16341703410298972,0.056765112142941894,-1.0032313671445536,-0.17576554920225404,0.1081284236166443,25.108118018505426,0
7.453726863431716,-0.8885946102998732,-0.08666692267463616,-0.07234384447820993,-0.8943418701111508,-0.355678174560475,0.38020131773765997,25.00403510938579,0
7.463731865932966,-1.0384865025560366,-0.29945174741194835,0.6099116329569095,-1.0094783195622319,-0.17672425001837996,0.10139140925029516,25.180063889723282,0
7.473736868434217,-0.8050117294027825,0.2791072218810696,0.11773014786479821,-1.0084846723500691,-0.11732060876258274,0.07476536792090159,25.620467812451746,0
7.483741870935468,-1.2782569789566212,0.18946108734984018,0.04619744703315078,-0.6313905995715133,-0.061242314283350675,-0.16031486752617136,25.2252618338204,0
7.493746873436718,-0.8689208421629603,0.17476788019338418,0.0012679877856567765,-0.9198100427312376,-0.32747220936841653,0.16701778551698834,25.127166844733196,0
7.503751875937969,-1.193087062273339,-0.09592814169881282,-0.09570912683346942,-1.0965413149569214,-0.15410720495261715,-0.22865196291581588,24.87625629643362,0
7.513756878439219,-1.1468057252972506,-0.28219592888172407,0.3958747749938534,-0.5487448342992243,-0.12123984007069658,0.04756966243468763,25.125239526946388,0
7.52376188094047,-0.75899780024499,-0.0891401685492964,0.20349354523816468,-0.9073530378011354,-0.20750781140754723,0.13288506261624303,25.38722752723673,0
7.533766883441721,-0.4767968064922571,-0.1340621106773367,0.11857394465306678,-0.8774631297174218,0.2413780959773711,-0.3110659041367229,24.62116906729043,0
7.543771885942971,-1.1457348822165376,0.15287325878812813,-0.15570507382009205,-0.6606370652839089,0.3150432833751919,0.09792445183913438,25.48563629189826,0
7.553776888444222,-0.9025973668139479,-0.0752368023258396,0.23891199919334044,-0.9096414012852128,0.3165977317308691,0.2877362004995592,25.137006403219118,0
7.563781890945473,-1.279223428215875,0.01539609409403389,0.22451644381336355,-0.8178178695949193,0.17514552890522694,0.11973892358179097,25.208896858624097,0
7.573786893446723,-0.9174925747460703,0.18800421725114286,-0.10882895684536613,-0.6070222647202614,0.29450421940974747,-0.08849621428267365,25.324633693897944,0
7.583791895947974,-0.9913587880128416,0.08987787029024896,-0.20434490773940364,-0.9681897392514611,0.15368624080496468,0.2047042413002509,24.758471445690848,0
7.593796898449225,-0.9192024038102,0.15908779657019415,-0.1108597697929188,-1.067526287208107,0.18823288672523397,-0.08577944519189744,25.16208638321071,0
7.603801900950475,-0.9026416770562568,0.08067569936872901,0.15180378786163995,-0.7157776797214657,0.29596200292280783,-0.05386515943468266,24.844672765833334,0
7.613806903451725,-0.8932018913390081,0.445083803002332,-0.42064261843076434,-0.8571620549002218,0.22898349857257458,-0.00577666299046703,25.357993301778137,0
7.6238119059529765,-1.0796496253486056,0.27964001800108296,-0.17998665691429203,-0.9005466879643076,0.2339486108692686,0.09217657616960863,24.683849351390695,0
7.633816908454227,-0.8273636119378253,0.06774358182134727,-0.19595154148867946,-0.796239052818322,0.6614711568428245,-0.12190761471072822,24.339626957964725,0
7.643821910955477,-1.299427451102021,0.4434184133744227,0.032879349431464505,-0.6446285642583662,0.38280401804426734,0.16055206211991963,24.83812263377886,0
7.6538269134567285,-0.7065020032389804,0.13826667238739343,-0.2770410613614573,-1.0697955705418396,0.31676665938018306,-0.08609343927234374,25.034230447667955,0
7.663831915957979,-0.8580671482165803,0.3067571047949915,-0.1402611538804962,-0.9958443887563556,0.6664600117923198,-0.14249560257788266,24.853334164286892,0
7.673836918459229,-0.5367555748987776,0.2709302908209973,-0.33347574126051915,-0.9028789774437884,0.4019294016847782,-0.000360328835780771,25.22190264043535,0
7.6838419209604805,-0.3234002235843917,0.09609185539948617,0.0072605940727501345,-0.7816655441811547,0.31949964721395646,-0.21554364465248216,24.72736909875761,0
7.693846923461731,-0.48332233255172685,0.7404972064655408,-0.11595743649731602,-0.3859786890805338,0.15512439979043308,-0.362618332033218,24.346609680341594,0
7.703851925962981,-0.9417279445626395,0.6298717441300036,-0.10611596241510904,-0.6116076470184095,0.1958142648180261,0.059280806121543725,25.0718882554717,0
7.7138569284642315,-0.6360598012142751,0.24388361893000848,-0.07046052656163193,-0.8636895739894853,0.41848419304814277,0.0006660210703247349,25.027328081876774,0
7.723861930965483,-0.9330311000693514,0.6479798174261072,-0.44511579657248623,-0.3801250041111309,0.4763233450521286,0.11266300203205909,24.84204049387119,0
7.733866933466733,-0.8467372795632213,0.5175380822580736,0.0303979590561049,-0.7355038969712189,0.6652194381515497,-0.19235994135986623,24.407211010032515,0
7.7438719359679835,-0.8346508542227508,0.45754180846440184,-0.14406148200248722,-0.8145519796672641,0.7398857812125006,-0.13888879346176922,24.946721201572377,0
7.753876938469235,-0.5672637268844931,0.9084478991646074,-0.16084313300742478,-0.7129937834634659,0.217739286657122,-0.2626686575298316,24.81483632600561,0
7.763881940970485,-0.6541948097990165,0.6682332139417559,-0.025193355145184088,-0.6630816945721186,0.5784018387649007,0.10657352899500211,25.10254756418649,0
7.7738869434717355,-0.6641105456517952,0.6377414623612699,-0.295357065235606,-0.6918050804416553,0.4983029074420645,0.016164539034774467,24.93343351861232,0
7.783891945972986,-0.8979101971615298,1.1318830381302134,-0.11062191595083691,-0.7837531467308607,0.5342295581664406,-0.11751468677821206,25.511377627989212,0
7.793896948474237,-0.8248102844311679,0.992807345627261,0.09940576424686035,-0.6082810952384293,0.5825766376328108,-0.3516550663928407,24.938961657675907,0
7.8039019509754874,-0.5851421279431275,0.9480913018335388,0.03169713631497559,-0.6118785193839624,0.25946402892845294,-0.15332060216653945,25.088061258990592,0
7.813906953476738,-0.50200612255125,0.7685824945165083,-0.16720772007465298,-0.13842276640015716,0.7434805490071555,-0.2284001970065688,24.8499406548712,0
7.823911955977989,-0.5593804651611064,1.1781971791192145,-0.23460648966676023,-0.42428686380458985,0.5842166352152086,0.061439593279176336,25.587951176423402,0
7.833916958479239,-0.40828868218374437,0.8834952845754555,-0.19634669957670622,-0.8755903914131669,0.8425827359116598,-0.13612932977007386,25.12850261519822,0
7.84392196098049,-0.6132126653594783,0.8052844231431702,-0.29163297266425686,-0.17241158441958204,0.6299886718302523,0.24898967613106174,25.12925872570451,0
7.853926963481741,-0.6981004865539827,0.8708301632185751,-0.3454546247448296,-0.793247657607874,1.0371257255179311,-0.03146717180683639,25.159962195369793,0
7.863931965982991,-0.38148936111953047,0.633613869524692,-0.3175006393009977,-0.16329991958677448,0.517769900654043,-0.682975632362091,24.93186819766572,0
7.873936968484242,-0.41411820257532267,0.9497090519734828,-0.08069619559337088,-0.1810921909696102,0.7898310560012172,0.05798633818031937,24.544309065756007,0
7.883941970985492,-0.255665841354578,1.0595716244562667,-0.47989930746860443,-0.5858398851365227,0.5982227361359824,-0.31789776870510367,25.226025839050727,0
7.893946973486743,-0.44995321774491803,0.7737389028838878,-0.3598638534743916,-0.03790990197451688,0.7586155601074933,-0.22587988997976619,24.966998350389684,0
7.903951975987994,-0.038773573542684014,0.8049853733358598,0.02005184356981418,-0.19564925254209012,0.7317718985301371,0.305740247892291,24.68330815306042,0
7.913956978489244,-0.3377693918929561,0.7172013482332183,-0.05803171020176745,0.12421199474669195,1.1049346331337426,0.04597046718199985,24.94071385966121,0
7.923961980990495,-0.3096632427627763,0.6373695239881019,0.15321559714738864,-0.09549642218215207,0.6788914018156353,0.06244408988621758,24.708170644972,0
7.933966983491746,-0.12463970355425982,0.9440337192235383,-0.13161854427278252,-0.17748599615626,0.49266205864311946,-0.19236790326506661,25.31465924256261,0
7.943971985992996,-0.1809529895954562,1.1395719514999207,-0.47381373575958585,-0.14533992539369775,0.6627370507279673,-0.0623701028788782,25.009447468678598,0
7.953976988494247,-0.006067586114632095,1.2071077903089,-0.1316961477088648,-0.06064217024683485,0.5920101123595805,-0.21657311231989426,24.84007287939525,0
7.963981990995498,-0.18172539153731246,0.9186980937089617,-0.4712743198607584,-0.4817977979839717,0.6612553294216562,-0.18155547353861576,24.595546886371753,0
7.973986993496748,-0.07849488910680846,1.3767162781791915,-0.07590372116491081,0.2634032327031992,0.8755556500401442,0.00908993882500228,24.782810580859664,0
7.983991995997998,-0.17913748512254613,0.4509076516536271,-0.048467423813292526,0.2678492505894578,0.6883531052354435,-0.2793475561768489,24.77384136589271,0
7.99399699849925,0.057672842763348706,1.2248086836657825,-0.6393872398641086,0.06680141210273077,0.7445233853402785,-0.20998739767698246,25.13769820050229,0
8.0040020010005,-0.025068162039329128,0.9792035945086484,-0.3386982332275559,0.20412110092984437,0.8836887641773429,-0.19262185222583034,24.618714483672314,0
8.014007003501751,-0.031725849463277306,1.1787657991110274,-0.2934274632527264,0.16709837326131052,1.1525279337000809,-0.03305220846024545,25.027947501309924,0
8.024012006003002,-0.0268334177544923,0.48644613916587975,-0.3396397668286356,-0.004910966135647329,0.8757980855807227,-0.2755512712621896,24.903884482168962,0
8.034017008504252,-0.24921550271678267,0.8063015265092965,-0.21558021520964965,0.4285129529342681,0.7759309971223232,-0.18316612398098425,25.285743447085842,0
8.044022011005502,-0.02432000686044042,1.0638147038404167,-0.4639069401792919,0.2832519120018899,0.8226421257370091,-0.19295677233400024,24.765220420774423,0
8.054027013506753,0.31032356318350374,1.402572847722222,-0.5222398337456712,0.06718187147957262,0.8348257056144333,-0.09924475332886062,24.83213611441316,0
8.064032016008003,-0.3667975234730846,1.2516728591801067,-0.17335416028191455,-0.18874267845296228,0.6623542099219302,0.05327217854647076,25.43433892553736,0
8.074037018509255,0.41823059816630387,0.9378492239928009,-0.31360434536592113,0.15821691387918665,1.0041053252815864,-0.43932994460176056,24.758260103534738,0
8.084042021010506,0.4630238642115571,0.9564749048758749,-0.05920260808955796,0.07447271607937403,0.7613220847147848,-0.45239946031304634,25.00220880442707,0
8.094047023511756,-0.0045318899018539915,0.8591423625283299,-0.6267881653217324,0.37172664463657623,0.9086531053273883,-0.6176824599657562,25.400165723650172,0
8.104052026013006,0.8205814288506654,0.9562471132110453,-0.4723478869901121,0.821744841053965,0.4938429690305196,-0.2712787345823268,25.053886681789578,0
8.114057028514257,0.6197316312712513,1.0084348648874935,-0.4483850609983074,0.09032481166702347,0.6808252918404816,-0.4803120976615225,25.014347595935405,0
8.124062031015507,0.2671201278518677,0.6261956207109036,-0.10210725877881288,0.20443298637336416,0.4863751825000205,-0.3161609600605432,25.020511469790296,0
8.134067033516757,0.05954792610776505,0.9789350423633212,-0.5669902446657286,0.6692787788170149,0.8348765095658819,-0.3660269827640038,24.776449668904796,0
8.14407203601801,0.4163257563892265,1.0218644541338386,-0.3670233519457324,0.30642367689418976,0.7311191028173237,-0.41031140723034487,24.89703822194709,0
8.15407703851926,0.04820682358080425,1.0798639540176924,-0.3064735561928855,0.21760108028275804,1.087841962548823,-0.27558319372731305,24.689156928407442,0
8.16408204102051,0.6642990901714584,0.9496663737872418,-0.2915678108599098,0.30921016377157523,0.7861445291439185,-0.3487387044096219,25.166782435493754,0
8.17408704352176,0.13906203906182107,0.767360560363342,-0.030244921859746254,0.262627252811099,0.5625405428687066,-0.3893330208271032,24.63555815923341,0
8.18409204602301,0.10498035755324492,0.791252723863033,-0.35163696518585463,0.42680819653138585,0.6409202904646271,-0.2944389058316713,25.306852441465228,0
8.194097048524261,0.5345928544814267,0.7049610287270539,-0.43910697738948345,0.5740150252851712,0.9382274110242563,-0.4319342521633286,25.029680136108666,0
8.204102051025513,0.6658334252934365,0.6028596523503861,-0.3828109553854725,0.18539477805657661,0.2872901422090408,-0.23616622948399352,24.884837577600766,0
8.214107053526764,0.6635069593466912,0.7786023158329296,-0.5861257507278315,0.48938984186509066,0.3791247879847087,-0.034482121195777427,24.59320889654201,0
8.224112056028014,0.6081672732635663,0.5537603602090615,-0.2806510776520176,0.45157318770952554,0.506038398330567,-0.1451479408490305,25.008829177503266,0
8.234117058529264,0.77428719606276,0.5452298905187898,-0.6795258767778087,0.5582082379084798,0.5294267911588799,-0.19356305590305703,24.976027464201234,0
8.244122061030515,0.7349445367004314,0.3953664734627643,-0.024639275116408066,0.5222951780763979,0.7155517776286503,-0.4890796644753328,25.0924029706652,0
8.254127063531765,0.455646168237716,0.7882931421725557,-0.4772220593404777,0.5788101975412455,0.6978984656425168,-0.571329856214705,24.79465248081616,0
8.264132066033016,0.8292581041044189,1.0946710524325267,-0.4372801082475751,0.7084618218944392,0.518627112046846,0.060718205899036926,24.475833499910422,0
8.274137068534268,0.7775667423052202,0.3263982972856197,-0.914549598898319,0.6664064373206422,0.5491052424279173,-0.38755561538122074,24.968141772988073,0
8.284142071035518,1.398402267892668,0.5757088206239469,-0.31471673607205825,0.4931209409399569,0.5609215935923078,-0.3810400216687821,24.876844455181082,0
8.294147073536768,1.161852641475965,0.837997852934966,-0.39283272818549564,0.17761596083992665,0.40984684358796464,0.20445986674874334,24.930801500008087,0
8.304152076038019,1.0372586136419084,0.8655711028833109,-0.3797633058190655,0.4849277530113109,-0.025316368362345076,-0.2020122294704175,24.755573199152934,0
8.314157078539269,0.8695806468532481,0.3012701372151845,-0.47991067705901813,0.6742242561607784,0.4947060803153055,-0.564454972642465,25.359073284628405,0
8.32416208104052,0.7318828295535791,0.18984734970846268,-0.4519074588333108,0.6878844910052707,0.4519108800736414,-0.07165573913547857,24.929065348979243,0
8.33416708354177,0.8434081583874082,0.27709302776342964,-0.26916369395633033,0.7307274794245507,0.3141783777492062,-0.7275544543202206,25.433323658516525,0
8.344172086043022,0.6370095785553139,0.3519712734959445,-0.3647086244929324,0.46672487143388297,0.07747954464527984,-0.7738915379066394,25.21629908587169,0
8.354177088544272,0.7878499732107935,1.0277133437023886,-0.6382826939785363,0.5332195730390621,0.24072886610909772,-0.30290241365419146,24.85893899836441,0
8.364182091045523,1.0328093105495717,0.2181372037403012,-0.718694721051719,0.368631346317434,-0.11363092819701365,-0.4575149057822136,24.909705906282035,0
8.374187093546773,0.7966118103432699,0.6337227642051324,-0.19966510567797743,0.6713587751830249,-0.05075093882423265,-0.46955793969069415,24.820053581824883,0
8.384192096048023,0.8031168699734628,0.2163041771969947,-0.5787881131438953,0.6703267667637076,0.15757014661820365,-0.3168119254740287,25.10811061477146,0
8.394197098549274,0.763136286720226,0.5805158460009212,-0.6468615504754284,0.43265212056231184,0.3371978389126219,-0.5241608989687124,25.096387441227215,0
8.404202101050526,0.4743192294463463,0.5749264482327568,-0.3190726990630698,0.46394704990056157,-0.05860721682034248,-0.02837192371741465,24.778786028950613,0
8.414207103551776,0.7970601603216088,-0.18693551831083327,-0.5262976228221276,0.7255737810873563,0.3561185397691157,-0.6447292709983485,24.543913962327817,0
8.424212106053027,1.061981635444812,0.4371975112115135,-0.7729109507661676,0.9937341040515616,0.19618956587024475,-0.1485833166191436,24.978933891544717,0
8.434217108554277,0.4742655052094845,0.17480162708470467,-0.2491177121996711,0.6042276671489168,0.08656308905683953,-0.40414388145733576,24.130145836039457,0
8.444222111055527,1.3189557379351398,-0.005939131281498228,-0.36239249158230363,0.7704087510484738,0.3909926150302213,-0.28962043797587456,24.92952271854371,0
8.454227113556778,0.8109755996493511,0.30287482537206045,-0.8405476694855826,0.9209209785777442,-0.10516520223446844,-0.12223079456439939,25.048389862798807,0
8.464232116058028,1.1225180963721748,0.12852956231655424,-0.818581020120766,0.6228088415626549,0.2241833071635648,-0.3411533174020845,25.3542969715917,0
8.47423711855928,1.077381343388696,-0.11249223541575017,-0.6294906277599338,0.8179646227296569,-0.39813029902019564,-0.04153386304804857,25.132524020913266,0
8.48424212106053,1.2441818052133686,-0.26663616946049085,-0.22346263063463712,1.2453196908484252,-0.22458797611438916,-0.2236201711837973,25.00033298340619,0
8.494247123561781,0.6909499146187802,0.11664900483599513,-0.30767821598641426,0.679644036880974,0.24764107242354153,-0.7128717669209468,24.551573156065107,0
8.504252126063031,1.027230256378057,-0.008280995112493483,-0.6196617608396677,0.9618475090026225,0.09549242227763162,-0.20944983633707412,24.96305906939432,0
8.514257128564282,1.119513145180888,-0.1339051765106177,-0.06745623533904288,0.6366885192437787,0.38523939316796746,-0.3755983892672079,24.587346733129376,0
8.524262131065532,1.2707123999406391,-0.05096767157250959,-0.3097924718321782,1.0424484075828537,0.006672751427803936,-0.5024620021691435,25.292714013300774,0
8.534267133566782,0.9943620710261836,0.029726005154801227,-0.9124848482673316,0.884765119030182,-0.2136736118825121,-0.05472905937152539,25.186926204366728,0
8.544272136068034,1.0383148103813629,-0.04137502731134282,-0.6830721978264636,1.1169259470748136,0.2873644628982712,-0.30812451969125276,25.477121070572093,0
8.554277138569285,0.8716675859178029,-0.3291142517246757,-0.4767679629177247,0.8753859881954276,-0.2145505670323677,-0.2804086920571107,25.091916844622023,0
8.564282141070535,0.7800162950371478,-0.09681981484930625,-0.31373949324878236,0.8180359835943652,0.07006688598061808,-0.6326368721018597,25.140385126639554,0
8.574287143571786,0.7388341422268188,-0.45408342508453464,-0.6140466453913238,0.58990019009009,-0.29461288649856127,-0.4331184450572504,25.251146345899414,0
8.584292146073036,0.9009100231577769,-0.5788525687456341,-0.2611851303147499,0.604695437996126,-0.22112602733429812,-0.3020516583028833,25.059883125520834,0
8.594297148574286,1.1752758562170205,-0.19612852082892512,-0.6627215090704758,1.2008643921685127,-0.19467662693833487,-0.42183571982914464,25.289177626916672,0
8.604302151075537,0.9966834164361618,-0.24199684591853227,0.006793839833514226,0.7024102961491085,-0.3210261664085973,-0.36999866550680577,25.321454780674312,0
8.614307153576789,0.6349043961470544,-0.7445490602930525,-0.6101716669501844,0.42218436993624997,-0.36611657510332885,-0.2936989510350659,24.73277534093432,0
8.62431215607804,0.6393390097927356,-0.3668186733276324,-0.32126768025647484,0.4007687724158808,-0.14050240487536475,-0.23155986099594192,25.286225530646988,0
8.63431715857929,1.1559800063779706,0.03084452275600502,-0.5659445002121749,0.7517414867384783,-0.4109342963903397,-0.395385503439529,25.459862006690894,0
8.64432216108054,0.6299594898259909,-0.6102357641014498,-0.22016141533098554,0.9231772106701178,-0.4230469930980833,-0.2255976818813743,25.10236475274761,0
8.65432716358179,1.1848076765182038,-0.45115876721759707,-0.2912643530760006,1.2362045858729291,-0.25322871777686806,-0.387246987521445,25.216734095566295,0
8.66433216608304,0.7966129333041945,-0.016041595310820056,-0.46109127722843557,0.6411486199108746,-0.5620459101366204,-0.17824034949281786,25.260156223848323,0
8.674337168584293,0.7542554636471375,-0.4054316720579962,-0.7994528100520466,0.7199751853585962,-0.3260262824506457,-0.056727331215735644,24.768754359181393,0
8.684342171085543,0.581269677242849,-0.7263799340128514,-0.7656127702859438,0.9368836339544477,-0.12810761445746705,-0.33459594058860204,25.366388483705546,0
8.694347173586793,0.8461189587466064,-0.5923484181993242,-0.5653852819023253,0.5933836278289344,-0.768221182189143,-0.34617125375179053,24.987899826935788,0
8.704352176088044,0.949977120846677,-0.5800867663901218,-0.5317183446631233,0.4664853748233553,-0.46460252517792267,-0.25169463731621156,24.656998302674843,0
8.714357178589294,0.7991862327262937,-0.5770567261772706,-0.6431115025162627,0.5077819246105167,-0.452810083433291,-0.6262830402926125,25.10497711457482,0
8.724362181090545,0.5826349061488599,-0.43535233041692767,-0.032174982612735215,0.43721326436419605,-0.4114968827439219,-0.5451408063287201,25.312286252139337,0
8.734367183591795,0.4879159340964689,-0.5754234081849559,-0.6745013171699128,0.5513771749111358,-0.7434376629258601,-0.23545272485448313,24.748905893668123,0
8.744372186093047,0.8298903254997498,-0.7633146635435774,-0.522881970693224,0.6051491603867332,-0.7079609806446584,-0.3579165743585837,25.459100369306324,0
8.754377188594297,0.5416976065146923,-0.48240125864152794,-0.20037290934355784,0.3946222531393794,-0.8644215508551478,-0.33960176879853887,24.83577774316994,0
8.764382191095548,1.0481674416743492,-0.7313619419414171,-0.6603582237412504,0.31012553607105664,-0.3726777682149408,-0.514171468524209,25.01314863983813,0
8.774387193596798,0.8420713174199861,-0.8560059179433994,-0.5089509920727788,0.517414932753488,-0.47065849574256835,-0.2816633139577322,24.93396588062355,0
8.784392196098048,0.6394615381100175,-0.8535909040951164,-0.7950555941995578,0.552905552128197,-0.24494972926572134,-0.5763703183907477,24.76809108711919,0
8.794397198599299,0.42778800142627765,-0.6536278197869543,-0.40952494745778767,0.4498393061207294,-0.8224407527530561,-0.3809022723096757,24.530613361799258,0
8.80440220110055,0.6052260688909952,-0.6427635147943721,-0.7490718792671335,0.1547289490496645,-0.33776713527059526,-0.5214175694532353,25.340784353783146,0
8.814407203601801,0.5197788767690523,-0.8671744171369684,-0.41068067549130177,0.26366295649760674,-0.6413273342998332,-0.47498845527732325,24.60385196697849,0
8.824412206103052,0.5915685809072445,-0.9043354219959119,-0.5292205684455317,0.1772255440867402,-0.3630590149437022,-0.22290964492804893,25.289246765251594,0
8.834417208604302,0.43595926812966757,-1.2135595050552184,-0.10660582410129482,0.38541906529322956,-0.8439383009276382,-0.31439112558273485,25.35013623640099,0
8.844422211105552,0.46492312263010727,-0.6271997654233266,-0.2798844202144217,0.16035034959734873,-0.8410898603408564,-0.20568009367828288,24.186216230856868,0
8.854427213606803,0.41166328414682596,-1.1834007089693221,-0.5910117964212094,0.29347952041801817,-0.7894364504970118,-0.5070130793301253,24.670856905111357,0
8.864432216108053,0.8715216681183706,-0.5371753892955013,-0.7272524731278606,0.6469348820644203,-0.8084273301967878,-0.3700339525949411,24.981017812030924,0
8.874437218609305,0.2523665517640863,-0.7264310244077217,-0.4687220568416315,0.21214273936805533,-0.9994790832632554,-0.5738384931093946,24.50758596531937,0
8.884442221110556,0.35755820166169283,-1.174156314475636,-0.5459934488562165,0.5581111643050014,-0.5079986422306884,-0.4007604559025301,24.973874582157055,0
8.894447223611806,0.7015348089951408,-0.8413701940309231,-0.5573467121560423,-0.024755704135339063,-0.6776424908491837,-0.22756358162801768,24.81050454264591,0
8.904452226113056,0.35392524745275916,-1.028000249945188,-0.5274182375140856,-0.2610166543723441,-0.8085847535129728,-0.1986155456578172,24.81057923333003,0
8.914457228614307,0.27602267028544625,-1.115296210233426,-0.4172722090949831,0.16910927780667168,-0.959133163252435,-0.12497814194980456,25.278679604059665,0
8.924462231115557,0.11410644825111851,-0.8724164765603147,-0.38054957743323375,0.316530487831638,-1.1164304899541118,-0.18910427419132236,24.82909031112228,0
8.934467233616807,0.13286038330745764,-0.4513056765518848,-0.42625159246737876,0.08627628090713371,-1.2241644961543212,-0.1113481880999938,24.59643709875742,0
8.94447223611806,-0.02712558737551332,-1.0510933703189593,-0.20186128005624193,0.29349775199266176,-0.8194258303691637,-0.3264564979892761,24.819884292138667,0
8.95447723861931,0.17045769823638,-0.9751235711790229,-0.2898303425739929,0.3074571927464378,-0.6930372596665914,-0.45933696887743136,25.22254668831704,0
8.96448224112056,0.09295723642839243,-1.210164021914521,-0.5626061234162547,0.10598614049206632,-0.6129817618045665,-0.4222644864586842,24.637240386628118,0
8.97448724362181,0.09141323578669254,-0.9740984447879802,-0.44306910115059644,0.24802622249274897,-0.593647074221453,-0.503031476021251,24.815156962585316,0
8.984492246123061,-0.15933996706170106,-0.859050327958883,-0.18868475633936738,-0.024056565478269815,-0.8473368825569814,-0.08940251102573316,25.151667355964502,0
8.994497248624311,0.10453368320030013,-1.2380338777597546,-0.3408396870100737,-0.17199803430988037,-1.0266844984389991,-0.45062255604610846,24.82426218296539,0
9.004502251125562,-0.05846370632750904,-1.2880962988233282,-0.28288322877387845,0.21422224494288486,-1.1893884723628385,-0.18402563092062035,24.75684141105351,0
9.014507253626814,0.12583500241385104,-1.0126508978122368,-0.46687753926216313,-0.07346761387040869,-0.5567434385764657,-0.626023724167696,25.182352101620502,0
9.024512256128064,0.14333459777844504,-0.8537683695259379,-0.005604322360731329,-0.16733450070451183,-0.6061681439885098,-0.397653411248616,25.3700218229058,0
9.034517258629315,-0.10976456654923454,-1.0717013892106948,-0.20716673887005044,-0.18489380172775455,-1.0778461380506719,-0.4780743203502667,25.18570988397656,0
9.044522261130565,0.13899256433812274,-0.9680081406755432,-0.20250480378126812,-0.38316713307895517,-0.8808399055514571,-0.43063039721327884,24.965632171758244,0
9.054527263631815,-0.15364700326894634,-0.8471813878375996,-0.5527949392064035,-0.10856696734456342,-0.7973154415176409,-0.5562448380360744,24.96589999327557,0
9.064532266133066,-0.23008008425259188,-1.012535847924861,-0.45509771660366405,-0.14594383449585738,-0.8700748237608675,-0.11461673954171042,24.649155811239094,0
9.074537268634318,-0.3762255921393379,-0.4167155306546757,-0.6665909741010951,-0.45637619129823864,-0.631271255399266,-0.7826181332373742,24.92941782700827,0
9.084542271135568,0.16667923868440548,-1.2739230543065567,-0.8528561426319455,-0.5098248374562535,-0.5922767822313041,-0.1402152523901998,24.846223360906446,0
9.094547273636818,-0.156038140460059,-0.6781591906330928,-0.09639235200725527,-0.2834115532441879,-1.22526254844239,-0.5272650923965136,24.87195874151942,0
9.104552276138069,-0.37437412603449655,-0.9841119142241577,-0.22740936297976602,-0.003183408037538471,-0.7915667580028877,-0.1412536508423562,25.107298409989326,0
9.11455727863932,-0.3392722452407266,-0.754625925006098,-0.4339932014304465,0.12982348356895979,-1.0364300385013845,-0.4617890686808273,24.962044330913816,0
9.12456228114057,-0.29352207436451805,-0.670812802533618,-0.4505077677260204,-0.5895760198661344,-0.5710211406723877,-0.20551069019463838,24.41744240218618,0
9.13456728364182,-0.41103582697347535,-1.2299902206994124,-0.5756722767225859,-0.5087817855840123,-0.5677165440022851,-0.33082761094330204,24.61432269977319,0
9.144572286143072,-0.26271889837651385,-1.1853790771126418,-0.37376331800245194,-0.5137878066326971,-0.7920297463676712,-0.2509747112696358,25.15643481971786,0
9.154577288644322,-0.19936195811555618,-0.9008369952169611,-0.3754704055603386,-0.4609520827422635,-0.6711110277015769,-0.2615112529207031,24.970507045763686,0
9.164582291145573,-0.8550684589689903,-0.8029867631459137,-0.36075374615949063,-0.531489384989983,-0.9523021611441771,-0.05175700320367255,25.14743365326832,0
9.174587293646823,-0.5672088369564467,-1.0807234723819157,-0.5948659213658498,-0.1565960252604376,-0.6551211284283255,-0.4545197779454058,25.152906769367398,0
9.184592296148073,-0.7108314704095493,-0.536341279599378,-0.15671171331445194,-0.531676280576783,-0.7949419579305351,-0.8654440959734936,24.55552576853459,0
9.194597298649324,-0.8418636866323612,-0.7918384470111205,-0.489219887099848,-0.7282428827956962,-0.7113340206597897,-0.23811108743979117,25.158351804974675,0
9.204602301150574,-0.9793546808869131,-0.8260868999299825,-0.6972756102493995,-0.2991907603440548,-0.48351807979587347,-0.5160914091489537,24.77018643927988,0
9.214607303651826,-0.7165327801504581,-1.231759849022824,-0.34998164354973993,-0.5539924053086634,-0.43092591954767323,-0.5534220661827948,24.81426311552502,0
9.224612306153077,-0.9498264621262108,-0.9620545263131298,-0.6500735580964097,-0.319622392645421,-0.7486095006417018,-0.30610659015729,24.88577097884146,0
9.234617308654327,-0.9260158514133686,-0.7740997811155992,-0.290292983363489,-0.7792501170773153,-0.43052919903874076,-0.49803510408450563,24.85510482217815,0
9.244622311155577,-0.5889235934985326,-0.8516387549933138,-0.3989703422135459,-0.6189863402380522,-0.5492876174987693,-0.8013360723692746,24.451095455437574,0
9.254627313656828,-0.5941176098624831,-0.4893168411416866,-0.5848900661522425,-0.6226544792917075,-0.498458647236737,-0.18359066002500976,24.391696818498744,0
9.264632316158078,-0.9160612457005929,-0.7403822976812865,-0.25840842807074055,-0.091396460299635,-0.5846942827309928,-0.6006246664351581,25.12068042316039,0
9.27463731865933,-0.4954663350818625,-0.6287112066847609,-0.5765468430778773,-0.4161336060959998,-0.3875421010048419,-0.5213898760767399,25.114427685260303,0
9.28464232116058,-0.5802742278182544,-0.38974120789290523,-0.4046251238156285,-0.695397762315887,-0.25544060870749463,-0.5551003635991669,25.131573787276302,0
9.294647323661831,-1.073024248423792,-0.3882306250855857,-0.4390007683558258,-0.3854984912312311,-0.3827621523588996,-0.5545573781992608,25.427388319623173,0
9.304652326163081,-0.5072721269939737,-0.39944123403114484,-0.5357043398672281,-0.7152197350950974,-0.4316333825596385,-0.447451493354274,25.507703971738962,0
9.314657328664332,-0.8063505412247873,-1.0905918839413489,-0.3114501041344295,-0.7378041478194584,-0.4549231308395916,-0.37718088650567877,25.242113924982007,0
9.324662331165582,-0.6281478531490281,-0.46679213407553016,-0.4430580447703642,-0.6899357680495977,-0.4148022899062831,-0.4606426538471533,25.17367859457137,0
9.334667333666832,-0.7761047704850556,-0.1882779583594852,-0.11994108488325717,-0.8316255717237451,-0.23303329015006297,-0.4869995093716561,25.208779630282255,0
9.344672336168085,-0.9866063211566604,-0.6734899470780844,-0.3107585604252874,-1.2415402107545392,-0.7252665568034196,-0.3289124799266713,25.02473252999045,0
9.354677338669335,-0.9714449151511819,-0.7567365074499111,-0.5260446105964038,-0.6398230634481565,-0.2363230440394405,-0.29321761725415046,25.347050134311097,0
9.364682341170585,-0.8315127455068132,-0.5619148234626892,-0.4142079711536571,-1.009366951600499,-0.35156675221512074,-0.06406592453279922,25.20558702541329,0
9.374687343671836,-0.643101335187197,-0.4441677667190332,-0.08447231394497007,-0.7774634055864111,-0.012555557853408894,-0.28732516776668204,25.212169412141282,0
9.384692346173086,-0.6400794795234721,-0.3930643324258584,-0.3055432797121698,-0.4903088768670942,-0.31010367815370654,-0.5435553182780359,25.642902116375474,0
9.394697348674336,-1.0397298410872309,-0.2930656062121899,-0.11349334646085399,-0.8783203393220832,-0.4614270357641848,-0.2250082849258969,24.462077080626283,0
9.404702351175587,-1.013098857773637,-0.2459262174753704,-0.39410417708891243,-1.073104302557192,0.08288843097004117,-0.2513834073892686,25.429345635328524,0
9.414707353676839,-1.0163216624538218,-0.44076212515551394,-0.2816429693867518,-0.8146089551998302,-0.44736007465216054,0.02557352900727211,24.8133189331318,0
9.42471235617809,-1.340211845194844,0.03130925084316061,-0.4316510832517795,-0.899291633111709,-0.5405366853646396,0.08355511324799425,24.613155823837094,0
9.43471735867934,-0.9673524647317524,-0.021132645709013853,-0.2417081320564209,-0.7951647510967443,-0.5032585398311649,-0.422786182079089,25.056340101412758,0
9.44472236118059,-1.142393804056337,-0.13211638278206464,-0.18491133662201462,-0.5954666148871299,-0.38346649138799127,0.18232119628775645,25.23024380336624,0
9.45472736368184,-0.9902454416861248,0.0761581690701115,0.15666381773610133,-1.0796661089732236,-0.15845184653444405,-0.7288205213057803,25.057795459794406,0
9.46473236618309,-0.92078949152899,-0.11840241411936214,-0.4424321531108856,-1.2049975751688797,-0.01374925614229447,0.04186654565408615,24.82269446327997,0
9.474737368684341,-0.9088402735274194,-0.39291046877641156,-0.21514128571218083,-0.8761582670145701,-0.21590887499450404,-0.397339847003773,24.881916525390096,0
9.484742371185593,-0.9223647583529477,-0.3103475417260131,-0.3810169627032667,-0.8073754927929934,-0.25813976609589945,0.11805792322324654,24.743951355981597,0
9.494747373686844,-1.1337512342129954,-0.21216245330517405,0.0631397959316281,-0.6893100354691415,-0.20051909192126804,-0.015998665424802605,25.060209608286662,0
9.504752376188094,-0.9484378649482895,-0.05396596628975,-0.4413548674643329,-0.7323576195255517,-0.09707386563052564,0.13017378985667036,24.619212668427068,0
9.514757378689344,-0.6916941355753209,0.024081296169343187,-0.2265238990294159,-0.632508838791161,-0.08897380625776458,-0.056223159727182365,24.187736843385647,0
9.524762381190595,-1.140973532431889,-0.10709768782345676,-0.5318663622482718,-0.8405714682457912,0.13932189255214406,-0.08440012811927436,25.072263027160123,0
9.534767383691845,-1.127179575279151,0.18281119698155102,-0.25108769107395806,-0.60802147225315,0.24259366811951738,-0.21466058125117682,24.730824098151622,0
9.544772386193097,-1.1207141899872253,0.030235387965246524,-0.3337341486030543,-0.7384892415386968,0.2551894859398942,-0.22676844405891802,25.004837436370142,0
9.554777388694347,-0.9565680635497223,0.06805905547468333,-0.4504525986998328,-1.1392710391019205,-0.0020377771344534112,-0.11767022708343589,24.78912656858813,0
9.564782391195598,-1.0269226224166748,0.29540407136318525,-0.15588756564744205,-0.9993955423783972,0.36110612239530576,0.017449645925516427,24.66104504283443,0
9.574787393696848,-1.1372930008050421,0.4710139808100682,-0.2840063848172357,-1.2219760909918191,-0.09369962560187337,-0.2535824694874367,24.65108720491462,0
9.584792396198099,-1.047414067163533,0.269723145930342,0.04324527477193499,-0.8298742336745537,0.42510348246945284,0.08638751557934543,25.43029290080562,0
9.594797398699349,-0.8990290564523329,-0.09922591727551766,-0.1515712465812042,-0.5551040025408491,0.21853210874673837,0.1539277982854679,25.257950068440238,0
9.6048024012006,-0.8326315809063646,0.540606191985781,-0.17155429574505127,-1.255591104948608,0.15883624950161762,0.04885099265178916,24.75772259797051,0
9.614807403701851,-0.9803522338090866,0.143941517392446,0.12410186335945139,-0.41222769472575593,0.10555324511030237,-0.15668652446690512,24.795851785670784,0
9.624812406203102,-0.8011159761631554,0.48407549918008563,-0.06475915098287127,-0.6729002336339674,0.8927923482629896,-0.3872649652465673,24.486818993669047,0
9.634817408704352,-0.9902572227565035,0.09739383185916378,-0.5199744312786165,-0.9295742769325623,0.14435540689064838,-0.36810920221194643,25.155465685133624,0
9.644822411205602,-0.9995106953914554,0.4035351663902986,-0.036982124777053704,-0.8718828114957959,0.2986412853508913,-0.09951094652320945,24.417529659813933,0
9.654827413706853,-1.3610003115576346,0.5366740372235366,-0.11173841000621755,-0.29437134084353234,0.4055794323445556,-0.004165069444058839,24.941358206924207,0
9.664832416208103,-0.8094467988094192,0.828452651009568,-0.6292191992369162,-0.6123905429868131,0.8231183721432022,-0.10712966464756271,25.495171888969853,0
9.674837418709354,-0.9787493565852705,0.5156534996859526,-0.1919627519339928,-1.1258437572152598,0.1840148332449162,-0.37830916980616547,25.24661982340976,0
9.684842421210606,-0.6616484306530619,0.6134162742115625,-0.02806276651376527,-0.7016931239762532,0.6792735224441133,-0.1525489881815108,25.017359214228026,0
9.694847423711856,-0.8715437688094354,0.7115031157420496,-0.27130827368342303,-0.45945391828594895,0.23326058802860988,-0.3694380592343111,25.20622802653795,0
9.704852426213106,-0.8176717803097753,0.5092711303990244,-0.0032125584932617135,-0.761422632731755,0.4399992800436461,0.13486630602354893,25.461742703743194,0
9.714857428714357,-0.4662307337425301,0.568467882759378,0.07078952740650751,-0.814358866191012,0.318533855572516,-0.6103720133971815,25.50186046056956,0
9.724862431215607,-0.9334825461489868,0.6238128356228592,-0.35151515290359914,-0.46951621140098876,0.44416874911434895,-0.3965236057009438,25.132498769255818,0
9.734867433716857,-1.026657324813592,0.5052232764739857,-0.5849005534285663,-0.8767206783207584,0.5738693711737628,-0.5237253920232651,24.555656282613484,0
9.74487243621811,-0.7188789127627642,0.5869035699142335,0.2408379986790416,-0.20794479442408687,0.38291546675604454,-0.014627939129559772,25.224784767063834,0
9.75487743871936,-0.8156850222441885,0.41874998463148894,-0.15405070945996013,-0.5915205354742685,0.48713373415078,-0.032809442045781845,24.77478111789832,0
9.76488244122061,-0.9036851390060449,0.7611990804205448,-0.0683947302351784,-0.7739574923721836,0.7771241112786791,-0.4705672265543785,24.826565962385306,0
9.77488744372186,-0.7013185990555411,0.6329315268235918,-0.25257555945154997,-0.1455586169911926,0.4379641976754025,0.37659357270133365,25.131138033919317,0
9.784892446223111,-0.6070952929279556,0.875467170130834,0.37246942986061327,-0.6991236570985728,0.40009169577536285,-0.257786135306206,25.009642944089368,0
9.794897448724361,-0.9458320569956318,0.8039590248656909,0.21126175628689522,-0.4502607875015382,0.5810558498065201,-0.22559022605339685,25.26955351136547,0
9.804902451225612,-0.7404225086314321,1.1872526478741223,0.2653128743458486,-0.40885460345470054,0.6520757533880891,0.10904470149069365,25.328439550668197,0
9.814907453726864,-0.7104641458838535,0.7303366750452669,-0.3797207837519164,-0.35759965207076494,0.801843738029464,-0.3621861650244605,24.863440328555154,0
9.824912456228114,-0.7921838274245967,0.6727364689152191,0.0010781113405035347,-0.5648828484623174,0.6218319535647296,-0.4127625861532682,25.0560970629174,0
9.834917458729365,-0.5045385614905339,0.7227111573213745,-0.14078491473589191,-0.3604881419165944,0.5318287760805368,-0.3776381529598735,25.541672329806044,0
9.844922461230615,-0.5947996224077399,0.8642995977618003,0.1053454156443965,0.33129497234154864,0.45802400474156946,0.01250741765756902,24.787734314411768,0
9.854927463731865,-0.5479018613381963,0.7538848951660946,-0.31577869637927414,-0.3603733126952156,0.4234413020843149,0.1168433510470484,25.016500880810014,0
9.864932466233116,-0.3272207213489287,0.8180782253722041,-0.15789933247302462,-0.27185339170990774,0.4962426317279938,-0.13916492338720715,24.742115945836463,0
9.874937468734366,-0.5609786811669659,0.5018366892547003,0.18960927978405465,-0.4435996858697642,0.971718680936573,0.15115363378930224,24.614200088045052,0
9.884942471235618,-0.5713261497577257,1.44748072322815,0.2781440276944508,-0.28921882476414607,0.7997787263690805,-0.18380220914222012,25.129705814260102,0
9.894947473736869,-0.4675099132690961,0.5395611414906868,-0.3301260530532979,-0.25504027692956394,0.5306120683797735,-0.06610740958357703,24.677601688170142,0
9.904952476238119,-0.4506538066400002,1.1263821651194197,-0.010082117947589835,-0.23727930197435065,0.9403920776835554,0.04845913668898086,25.433968987375412,0
9.91495747873937,-0.3559737499748279,0.878595164802057,-0.3135539949706023,-0.2969976614839238,0.9645717072665362,0.21733176109856023,25.288091550426,0
9.92496248124062,-0.5923983474823131,1.1889714402833587,-0.41478135037207703,-0.00722451451347117,0.7043170128867585,0.10284456221264082,24.600265495631632,0
9.93496748374187,0.03134620185414419,0.6862071409939672,-0.17450665037120286,-0.36192878530347516,0.43250470160745624,-0.013747021042760172,25.541826735351087,0
9.944972486243122,0.36136679491591017,1.0045256188535157,0.188788996047213,-0.09119247205276587,0.8878522081026554,-0.09606753739848096,25.05852307762678,0
9.954977488744372,-0.03347550632033444,0.8743217447619616,-0.04377224883850465,-0.1244630215927938,0.9572916158958873,-0.23582514541346178,24.984537337417706,0
9.964982491245623,0.27261210969130656,1.2267669484918746,0.24784076018806356,-0.08294481925977959,0.8593634471169542,0.1828511936688431,25.468076658859278,0
9.974987493746873,-0.4688188466802249,0.7338259889309084,0.24617558671021986,-0.11817648243667876,0.6631872424210867,-0.26340278425536856,24.833494989536767,0
9.984992496248124,-0.32760385494329686,1.4171076187560798,-0.013916144162190149,-0.049294106959369,0.916726346401234,0.18492588684045358,25.283766446966393,0
9.994997498749374,0.19900921452899517,0.8737073988659245,-0.06271650452523324,0.14123419168643975,0.6944233948913527,-0.0035358412325337913,25.119629129327443,0
10.005002501250624,0.17275219071458486,0.6443403165500559,0.14609227351164863,-0.03417267216833739,0.9413927493921531,0.15790085329805342,25.482374518335746,0
10.015007503751876,0.31916729944538036,1.2879142070276484,0.016738768256621236,0.18381112265668975,0.8800405966625368,-0.1619529739377749,27.016559772759027,1
10.025012506253127,0.4866144233732155,0.8855911346088954,0.2435889224686942,0.12376589832651222,0.566465625487098,-0.2607824896577136,27.15027519872576,1
10.035017508754377,-0.08507051437376281,1.237170766823927,-0.16676497629121537,-0.06792069673766979,0.7128457431683943,-0.2860728487300253,26.833467231621494,1
10.045022511255628,0.14331230919680574,0.7345509020270317,0.2222312748180935,0.3231114643394821,0.8188830687729591,-0.03148201258471244,27.58593215948177,1
10.055027513756878,0.3109416371495342,1.1038906993882625,0.058208325842525485,-0.05060410169225789,0.7485277902461438,-0.38730447948444685,26.718961429512184,1
10.065032516258128,-0.07034857063680508,1.1268362227642035,0.20301590271141778,0.27389814976243737,0.8531904167645714,-0.12387441907410278,26.907311995620628,1
10.075037518759379,-0.1872185071722324,0.5951697162739413,0.21965870048406766,0.520810652475889,1.0168011915837447,-0.30283375478896807,26.98087641434881,1
10.08504252126063,0.08709800588588715,0.9203911481032346,0.07356345124404169,0.33745895019979344,0.3844755434623037,-0.4304760466898981,26.70620993091521,1
10.095047523761881,0.32816916810428387,0.7670606210416943,-0.02534649105955477,0.16147540208653,0.9016111834188597,-0.12110516069601726,26.9866180403451,1
10.105052526263131,0.5905754716281107,0.9512729297351027,0.10581447591887992,0.24420520910578875,0.8753907386979116,-0.0249136870156381,26.804241512035006,1
10.115057528764382,0.23088047819752316,1.2027729470343098,0.15119519945776613,-0.05294924296996471,0.8440441426832752,-0.4713662946443534,26.778678988594546,1
10.125062531265632,0.520919542180075,0.7491253802083239,-0.0009139872498658717,0.5390652753815456,0.5677417114882173,0.11699490514421067,27.16442007741215,1
10.135067533766883,0.14306745625304546,0.8900144205898046,0.06278126021158363,0.3365935478627924,0.6795394536742452,0.18967059556426313,27.107904254305897,1
10.145072536268135,0.6765945464335733,0.8142768950704399,0.15317766260894775,0.4971386260334882,0.7276348920692315,-0.33842076144546657,26.91505443453604,1
10.155077538769385,0.06329519262902526,0.8902584176142371,0.295808198916426,0.43454145901126223,0.6878250956809662,-0.21824152690960483,27.019507389356633,1
10.165082541270635,0.6574961248570956,0.5199253098647991,0.16071775305256508,0.14362940251898104,1.1679075137803083,-0.1762097741055009,27.004201490211415,1
10.175087543771886,0.6348992241798697,1.1624216054784482,-0.23760901930551684,-0.036941900883452866,1.30552132705984,-0.13691068703923204,26.98475976341414,1
10.185092546273136,0.5820580507247513,0.6295130160542977,0.1650009477361822,0.3150691419234417,0.6173852320889676,-0.0954171096116185,27.206461591935867,1
10.195097548774386,0.48568076485483314,0.6900357484205893,-0.004566151975303758,0.4612929643584609,0.3604897678179664,-0.04926188716164254,27.290042131275165,1
10.205102551275637,0.7463313370915096,0.7835221933792423,0.013019844989500321,0.8772808765482094,0.7182694851819835,0.07187361128304916,27.262196925302064,1
10.215107553776889,0.6413771640567343,0.6116471586913437,0.18164956400709112,0.45668013601663443,0.48233731002456537,0.09328424197724383,27.23099061940057,1
10.22511255627814,0.49609242124003256,1.153520517828664,0.3884490517075494,0.7358650980977545,0.7808129084322907,-0.47984074359900963,26.81222519469462,1
10.23511755877939,0.4777568848826633,0.6547651852365705,-0.06688679388609609,0.7622673209075276,0.4880615501787883,0.18472595124957497,26.08660303822705,1
10.24512256128064,0.9019526614390714,0.5068486862140626,0.06078433802323724,0.5997902500144073,0.35224030913773213,-0.06312774951282214,27.10660145867704,1
10.25512756378189,0.3571869158137654,0.6716360216380255,0.20703538063278729,0.7174207208714326,0.6367515077731616,0.03426941961528619,27.21734731811452,1
10.26513256628314,1.2151642140960408,0.7213662429180192,0.15446891791213316,0.5967491809274208,0.4186474912644919,0.30022671314200605,26.8646091406969,1
10.275137568784391,0.5562821126316436,0.3906978463802881,0.45242594364841865,0.633338236125479,0.7563798309618143,0.308680358595245,26.93068213894773,1
10.285142571285643,0.5442789638394663,0.4736220809426843,0.38670888761816025,0.8329350193038066,0.8450378511268561,-0.11739745033907864,27.0626560627603,1
10.295147573786894,0.8112120449139101,0.21868040483032963,0.5761572520429162,0.7623698990313965,0.5603805308470674,0.22374134305816248,26.761203326997375,1
10.305152576288144,0.7689446405972652,0.5117107666733057,0.27573171653219364,0.9113771949118347,0.19778999904546382,0.15663155301381473,27.416599356030744,1
10.315157578789394,0.8649359871265451,0.8210841353453687,0.30758186793861003,0.631273675640909,0.7716323312334363,0.2923245186995933,27.353996558906935,1
10.325162581290645,1.063446591981088,0.4770745052967291,0.6546625878888634,0.8378194015561748,0.41341883943593544,0.07326003724076335,26.659748656416664,1
10.335167583791895,1.0729341868408284,0.6026276493728002,-0.029561959779104304,0.38376329098157075,0.11188691664974008,-0.02178595225367422,27.08818481638295,1
10.345172586293145,0.7294528233993965,0.16531534681862903,0.5659162360976595,0.7262372012880947,0.019338056916010694,0.3228747803955462,27.371154240086703,1
10.355177588794398,0.8469196426623044,0.5334417119504649,0.41909764274530303,0.5076976587864642,0.5028336972335422,-0.09754189313157738,26.990387288795855,1
10.365182591295648,0.6742930047742987,0.8323901863873227,0.1565062665220169,0.6456613312788487,0.518115823639854,-0.06883563526868684,26.971397672640997,1
10.375187593796898,1.2679236810433,0.42313813432215913,0.15622194479455767,0.7978274656747281,0.24295890548055715,0.05742492190934507,27.13832340968893,1
10.385192596298149,0.9865919501892473,0.29926340971401955,0.11215957779909509,0.5361835835181904,0.1812282519939948,-0.3687964831634674,27.51770813784443,1
10.395197598799399,0.9714085666368302,0.3426279793833596,-0.20994946521752061,0.6011073487428912,0.16061145000649912,0.6717673291861036,26.86056983282648,1
10.40520260130065,0.7210032318007489,0.6497656919182866,-0.2313929388168533,0.96027807675318,0.270493592582553,0.1795767444087078,27.304781167069066,1
10.415207603801901,0.8825681776798068,-0.14539014442030487,0.3726264148763632,0.6831995246446307,-0.004983662777976526,-0.22538898984949507,26.906718745094672,1
10.425212606303152,1.094461709851521,0.39312960206105746,0.466740209178374,0.7794122493291918,0.33590523300275066,0.27404701153144984,26.542328487581674,1
10.435217608804402,0.7493837394833264,0.25628963808794625,0.2560631613640992,0.7392376395332568,-0.0630514395169095,0.3829408591243084,26.48367674371186,1
10.445222611305653,0.9123236095584856,0.4059630467251407,0.04825440118005273,0.6616363121830601,-0.011369313285142612,-0.21831417191692362,26.83142096584262,1
10.455227613806903,0.7055324639797186,0.27361407149977024,0.5442086666873747,0.6264889265889695,0.2761472837615269,0.2496477612471056,27.182384270101725,1
10.465232616308153,0.842839119019057,0.39773590445811297,-0.03970556856231524,0.9943472023152573,0.06092175799015938,0.31697874069494947,27.091699670592778,1
10.475237618809404,0.849827052639634,-0.05015802076672044,0.271634648382288,0.05909979178656479,-0.014637034516786832,0.009094402760807462,27.44850909292075,1
10.485242621310656,0.7367257593827199,-0.1146139346002911,0.12498702173455788,1.3443672775704185,0.2579156185872001,-0.09178356304315897,27.321878884352206,1
10.495247623811906,0.8301739810299286,0.157648757476376,0.20681745658793832,0.7290207884551264,-0.35580597151522647,0.2506138025518988,27.002318367952704,1
10.505252626313156,1.1883736363873516,-0.38905754796959624,0.09605152688622771,1.0202505948125156,-0.02539587095543946,0.4536281371256134,27.45598560177429,1
10.515257628814407,0.5724512389814468,-0.21444814177383054,0.3293298868237954,0.9325425441446977,0.08901720714256892,0.14446761955021822,26.98762210420498,1
10.525262631315657,1.1447864531872118,-0.012706176536131415,0.1381412883961225,0.7509731894575868,-0.20455901385687267,0.35101823394256043,26.935465859948852,1
10.535267633816908,1.3033180169660952,0.06938441652747894,0.41989799696869945,0.7562857151395744,-0.2063617074043839,0.21781268377565025,27.43668014377719,1
10.545272636318158,1.1948244467646578,-0.051919249148769706,0.49367704626192743,0.6615095995941276,-0.26605108822935924,0.568261551981123,26.78196775864985,1
10.55527763881941,0.8097682380159419,-0.43966521244115747,0.3892052752035946,0.9207627430031672,0.09715372864974113,0.009695368938886801,27.43145076034371,1
10.56528264132066,1.0121028927501985,0.12235426387642018,0.06731584937551863,0.8579300191214332,0.14586538035941513,0.1800115779026495,27.035312225538288,1
10.57528764382191,0.6405166452144321,-0.1301397480198987,0.45453368792555715,0.7489849163518576,-0.06718331985377063,0.10407419986488926,27.088005610896897,1
10.585292646323161,1.1116702057589394,-0.2600650125774077,0.4967597400552067,0.7823874110900382,-0.4007018566018921,-0.014373469851940917,27.394267972711074,1
10.595297648824411,1.0971449277418825,-0.17200829687310998,0.33666000910455596,0.420295575200296,-0.0017501491249508109,0.23092945136796203,27.133243551326178,1
10.605302651325662,1.1095303189865016,-0.11782410819808159,0.2982004685942271,0.6804142242504302,-0.2356498098115587,0.31449670959938536,27.031854875832064,1
10.615307653826914,0.8074823772010793,-0.1287072306191581,0.1896040466238314,0.6581150470095974,-0.046126226913806086,0.21555591621848733,26.44988826971117,1
10.625312656328164,0.7561036552380049,-0.5425929031843102,0.32102506484486076,0.8261181603249912,0.01905595720890225,0.3981902317552211,27.046546602859607,1
10.635317658829415,0.8314531321200371,-0.3827211652139929,0.17838535522367763,0.7762445693919651,-0.1597633486918758,0.3442174644295673,27.34967846854324,1
10.645322661330665,0.8855936585683026,-0.4037741084120048,0.3244889263600739,0.8461840871800137,-0.309960408287966,0.4305936019438304,26.917214564491157,1
10.655327663831915,0.8108758203190628,-0.5577566883533545,0.2893038834575592,0.9987773423301337,-0.3617812446578524,0.23008701800173686,26.90772857486526,1
10.665332666333166,0.9406997639666458,-0.697347176285872,0.12892059592542904,0.12502914874307863,0.013893623938398776,0.012912284501739034,26.8623369464925,1
10.675337668834416,0.6494286360554276,-0.3625062094460067,0.5217388288958102,1.065045180156764,-0.596296522684049,0.22872290271704698,27.098121712463353,1
10.685342671335668,0.71920261289204,-0.8141764646693993,0.636380652266578,0.6969670844086907,-0.20746071846455783,0.4200936845767838,27.049991368593552,1
10.695347673836919,1.0283170275805844,-0.7803628507993178,0.2748854108516072,0.6285593816332681,-0.5593424366592888,0.08206101205201838,26.64783800210819,1
10.705352676338169,1.0214746637007377,-0.5844653117162071,0.5427443928301148,0.706790797849068,-0.5229204346071794,0.24234000871427558,26.91760687519011,1
10.71535767883942,0.6875945216884674,-0.5312705897200942,0.6242991577517034,0.8813043248597793,-0.38165498542667675,0.3417779689606875,26.554618562424103,1
10.72536268134067,0.8826648612666846,-0.6838834518861541,0.3581280198875835,0.1664371789811003,-0.22144420116018748,-0.07795606972284341,26.566822335877873,1
10.73536768384192,0.8282354695355857,-0.8610260884880949,0.5611272314164728,0.5914385737108044,-0.34378905432595175,0.04262518474180021,27.629822256150753,1
10.74537268634317,0.7112205064306175,-0.6788706324533889,0.27833811701683464,0.4185553018899045,-0.66969557159161,0.5279040823043739,26.878561386173914,1
10.755377688844423,0.9232185548287296,-0.5906683326681893,0.30444352948494285,0.619246320955429,-0.4304681175939173,-0.01888233894551161,26.8487613979045,1
10.765382691345673,0.659440539238101,-0.6936462071432419,0.4538877228501864,0.6032304541623903,-0.35052991423589763,0.6567910479714689,26.787768136556345,1
10.775387693846923,1.0908195381813524,-0.9265684013574942,0.8291996506587351,0.4179147013821388,-0.46473292873285166,0.445140916487399,27.449403531091328,1
10.785392696348174,0.5627429947788581,-0.8383827067888018,0.3944069130971119,0.4252910465793753,-0.7722863759355013,0.7589167833239603,26.284465890392088,1
10.795397698849424,0.4845568875355046,-0.9937108571824936,0.39206759749712644,0.489892429872523,-0.6241799087102791,0.6382879137835258,27.235603680903086,1
10.805402701350674,0.5106323559038355,-1.13088712940612,0.40947056434268353,0.4185247586954273,-0.9425373538039653,0.5306028430365309,26.811233798145793,1
10.815407703851927,0.4053173569952806,-0.8208157926325442,0.19136482852702827,0.3399922527705642,-0.5758399413541595,0.28436926306112525,26.70254188766861,1
10.825412706353177,0.5425989580468841,-1.1529305738695448,0.25430652443538776,0.650922129482451,-0.6761493378910501,0.5345794412381865,26.81449049398676,1
10.835417708854427,0.3332672775684621,-0.8385572718203906,0.6612633716525705,0.6616031643270188,-0.46832360411525287,0.5009932872703892,27.070540589809855,1
10.845422711355678,0.06955104705162662,-0.7968364250583178,0.227519170871109,0.35222248964498504,-0.6964931508533347,0.5812716061469019,27.130663895697708,1
10.855427713856928,0.46963306319508347,-1.0348945560327867,0.0636502474969184,-0.04521994524583658,-0.5540343611731788,0.43382235695196203,26.42038045244401,1
10.865432716358178,0.05763227778176605,-1.0898935426684768,0.2402481894904474,0.2817758453433033,-0.5026996048506396,0.4379205882077359,26.899954115709093,1
10.875437718859429,0.5593428907838741,-1.1138852197357756,0.501597384047579,0.42241554844037,-0.3745419510281129,0.3311067429620391,27.181232236631715,1
10.88544272136068,0.029085374514359157,-1.062678604563879,0.15867889442369096,0.49861366922525024,-0.6215470797456109,0.4109472062548764,27.140175664554835,1
10.895447723861931,0.21322271477266178,-1.2495923364551265,0.37416986568182775,0.051312655283441456,-0.9097619835666498,0.5373065916127775,26.993390978244918,1
10.905452726363182,-0.05795277471100455,-0.6063157872559735,0.303107286413324,0.12672426699201583,-0.7132517905963843,0.2700594762321897,27.48002935404614,1
10.915457728864432,0.5689090910931976,-1.0187023574617324,0.5158934214870028,0.23803891367601965,-1.0366437197336809,0.4922961979757919,27.283973101072014,1
10.925462731365682,0.3524318700181468,-0.986784500215351,0.48153081058054437,0.31643635040035695,-0.33679315883996075,-0.39890011474314746,26.837887098303884,1
10.935467733866933,0.0406529486319834,-1.0682360744770665,0.148484731348917,0.23033319748843595,-0.6560944952311314,0.17299992164892705,27.071961825685417,1
10.945472736368183,0.4655139175877307,-1.0308420091487358,0.13435199274695145,0.24574705315100823,-0.6045654144033972,0.2867250846078606,26.926028683722127,1
10.955477738869435,0.2864479901310795,-1.3619303507543294,0.35140347449176207,0.27010455727486316,-0.9879805758850171,0.1801495381438515,26.996894313027678,1
10.965482741370685,0.07479059548034142,-1.1364979421271046,0.4719804501513734,0.7627345052169396,-0.8782252128834723,-0.002377957483993492,27.03448253152774,1
10.975487743871936,0.36351885466080575,-0.9515405869704469,0.523787938510361,0.4050287571310713,-0.8171125025815823,0.33818479901374393,26.679683226888436,1
10.985492746373186,-0.10379125089811674,-1.293235242975022,0.36581530582325106,-0.18794955077852118,-0.30641338517782607,0.2063846898600745,26.904996136219726,1
10.995497748874437,0.2898474401381869,-1.589532364645646,0.6636751919066355,-0.19406976509665536,-1.181255674840078,0.8226600706478151,27.657125100356527,1
11.005502751375687,0.16022035506126564,-0.6046575757566625,0.4401724940812031,0.27645884898959827,-0.9440554216875826,0.5483661051277597,26.57274971994372,1
11.015507753876939,0.33298027335387986,-1.0527291157526821,1.0183566158646158,-0.2082909126898606,-0.6454113407735561,0.5500550730013741,26.852124517515225,1
11.02551275637819,-0.4834321811247584,-0.6336220630374315,0.49505728810812927,-0.09631022692608984,-0.786254514141645,0.342293434940031,27.04504069618686,1
11.03551775887944,0.03217680374303891,-0.9171142603668563,0.21152416787606634,-0.12324461327126625,-0.7956521527270666,0.11752365462916475,27.099713050055882,1
11.04552276138069,-0.2174954033712165,-0.8717302109826714,0.1815824397356186,-0.027498852886805945,-0.3521871220789295,0.37461930243801267,26.830713044184293,1
11.05552776388194,-0.291447524287296,-0.9347470709550655,0.3988408921316651,-0.06794863904868619,-0.7096475556550501,0.4349375006840436,26.725273487659933,1
11.06553276638319,-0.1569447823685344,-1.0159456672303906,0.21280383204946865,-0.001378558217838139,-0.7624416073277439,0.4090693950419077,27.037028754511095,1
11.075537768884441,-0.5251002938356198,-0.8984953387088984,0.23774754855926375,-0.20993049503823807,-0.847598147678146,0.57051010793775,27.05059541028306,1
11.085542771385693,-0.1302836742281446,-0.9161680578106284,0.6142549367195056,0.055693736498531383,-0.36257615192653714,0.26602895299317575,26.956055798781552,1
11.095547773886944,-0.09546032503844624,-0.9037104395637909,0.5495751812819705,-0.21851055143598633,-0.8659539902749361,0.580634227956439,26.739369736628127,1
11.105552776388194,-0.2029003698696271,-0.7803275885188469,0.13536463101422502,-0.41379722954183296,-0.8830451603848744,0.3359487581588607,27.047290367532284,1
11.115557778889444,-0.31614660260667415,-0.8334987130705208,0.7725283942999163,-0.54621254780567,-0.9174293187699942,0.8354396201989243,27.099711699967195,1
11.125562781390695,-0.7349634925263647,-1.1009690877073233,0.27437421621505215,-0.1059687673025934,-0.9098570125342007,0.24287543251471172,27.13751670298712,1
11.135567783891945,-0.6331057406894289,-0.986291616221915,0.7739305195224145,-0.443774629054838,-0.42168235101329204,0.27744884864703734,26.82683138228683,1
11.145572786393195,-0.41260078362125996,-0.45571618936338204,0.43131801430062044,0.027969242866574304,-0.3202895709986613,0.4789952601052347,27.171342372611424,1
11.155577788894448,-0.61296389707796,-1.0772403633272052,0.3844422673527341,-0.22682716494876623,-0.46630967453697075,0.612527115707802,26.864507673246916,1
11.165582791395698,-0.11828164746827075,-1.1425105071092019,0.7059919176519206,-0.5171127592634082,-0.6929816954234257,0.4457969739505763,26.870309644257137,1
11.175587793896948,-0.47865335056157704,-0.5946214108364714,0.7233514933054851,-0.3793528951689941,-0.8862829351174766,0.18686374163356426,27.063563753648666,1
11.185592796398199,-0.3489483046117608,-1.012618321388142,0.5957591334867809,-0.18648674150748834,-0.5384204757657342,0.465752994271891,26.9037648414444,1
11.195597798899449,-0.8496332785909427,-0.8188394143463921,0.8841705000790675,-0.22589899285204096,-0.7173188983998402,0.25112702036836765,27.00226805411824,1
11.2056028014007,-0.4131645778272293,-0.8668886249953438,0.48160432552417143,-0.561079086433569,-0.45302531662435297,-0.07150070144080391,27.369138014327994,1
11.21560780390195,-0.5207897203299312,-1.1244069436526034,0.5822150223227436,-0.25859689137713077,-0.5422068898556457,0.19998215162112898,27.129302907639023,1
11.225612806403202,-0.6167395017570261,-1.0823591193459992,0.4471380862080044,-0.1500603395159586,-0.7474529353995727,0.6891410128699209,27.58075830770418,1
11.235617808904452,-0.6473716181902253,-0.7783716657173441,0.708473173233963,-0.4708587836103358,-0.7404994745602419,0.4843580862027248,27.3413330342006,1
11.245622811405703,-0.9798342608358183,-1.2193234894053546,0.40876782477030515,-0.5142764124573855,-0.5767881217861083,0.10127398155839318,27.208111833760857,1
11.255627813906953,-0.40338861569878615,-0.5562157225592927,0.7391044561488259,-0.5336956292184808,-0.3627627060679812,0.2617741179760451,26.91344012979546,1
11.265632816408203,-0.4367383656851306,-0.8951740112205215,0.7537046578231817,-0.49153109921773913,-0.21459404779120575,0.6287799837288599,27.075658456270286,1
11.275637818909454,-1.1579704105041821,-0.6917893510136217,0.27361227273237426,-0.49650724425887316,-0.5451064655752598,0.16459603129119996,27.4943632817351,1
11.285642821410706,-0.7679007434875919,-0.16387534145547286,0.66044860540084,-0.6894651401049683,-0.696022885024286,0.47739068651672534,27.336280953721875,1
11.295647823911956,-0.48704670520175686,-0.36041141948677724,0.6798033554648107,-0.5511648915344736,-0.8010982963606997,0.4181630923633074,27.249363330959927,1
11.305652826413207,-0.6446889188200517,-0.7961727522718888,0.9063669628626906,-0.5531530117594032,-0.35270659188420483,0.3930150761049951,27.703687248568933,1
11.315657828914457,-1.1170582623680652,-0.7817944139756823,0.37930827556519436,-0.5401704515181938,-0.3049111018728391,0.4818822813963922,26.737740218995754,1
11.325662831415707,-0.876548448895725,-0.7546233778002447,0.7198524377543578,-0.553972494710669,-0.31271338666261905,0.3364833201791031,27.083254757664566,1
11.335667833916958,-0.8057698692426084,-0.5659620453587965,0.6788760868300645,-0.7428282024241961,-0.42077539903442435,0.020027889406114704,26.808935283318313,1
11.345672836418208,-0.8435641405094417,-0.17191883755005574,0.34764177367083426,-0.6806934962565723,0.03670703544962536,0.37697732622107655,26.41362209865502,1
11.35567783891946,-0.9601606851759351,-0.3292888381365038,0.41983970926799236,-0.46581609205633123,-0.29144092129535165,0.6897928977146144,26.611422413799865,1
11.36568284142071,-1.1492156869405714,-0.42288096343570747,0.698039126669347,-0.718555864704262,-0.4010998897439767,0.2388282768104317,27.430149851597953,1
11.37568784392196,-1.2005067581792754,-0.15108738254586165,0.4587425860081843,-0.5473927465504685,-0.5386854678880086,0.44070179877375604,26.910279274430984,1
11.385692846423211,-0.801062574795501,-0.7748005028848335,0.5051192021688787,-0.9825052634558827,-0.3830704107001328,0.6466260915277989,26.755227139455435,1
11.395697848924462,-1.1770378573612383,-0.19442231258161777,0.08796342045418727,-0.7628851216626817,-0.1038682615623433,0.45955599467530706,27.205685812265546,1
11.405702851425712,-0.8938010787544932,-0.3455216179099197,0.5876453442878075,-0.6876439518397762,-0.1811595335771445,0.5677228333660085,26.675575985778213,1
11.415707853926962,-0.8974559812871145,-0.5111204895735105,0.3674952568469689,-0.5826874040009955,-0.2137523398112362,0.12284921058577959,27.177634170085476,1
11.425712856428214,-1.113504504823177,-0.24559898705770353,0.5741612860517735,-0.8469420696427616,-0.284234876117108,0.7633473855180577,26.500462411108785,1
11.435717858929465,-1.380176151732105,-0.3330034758638259,0.5113614593116929,-1.1464229527322212,-0.13380278572610027,0.058198787638773536,27.381569863627185,1
11.445722861430715,-0.9307482114990899,-0.16214721944638533,0.6966268997657975,-1.1423298372329376,-0.0434259763578749,0.3315587836357255,27.169962296124496,1
11.455727863931966,-1.1221935465923358,-0.211907350399898,0.4077361229162541,-0.7061422610972188,-0.13665756017639769,0.33372022538491275,27.159260148620145,1
11.465732866433216,-1.1824531093221013,-0.33003891419428694,0.5881118060448361,-1.0062483673862228,-0.10905654720304482,0.19022719249193834,26.872849938538057,1
11.475737868934466,-1.1494846549131483,-0.38312473469319724,0.6160348745432741,-0.9619659417820944,-0.004663972300578859,0.47248930489749424,26.847684969255084,1
11.485742871435718,-1.3412071621428732,0.29228056764393584,0.2605463459223934,-1.0222595146165392,-0.30637830205021216,0.18183523811144342,26.890097496858672,1
11.495747873936969,-0.9645360060552876,-0.21006297918824338,0.4656054037783578,-0.3512668804003697,-0.03992334671871949,0.749295422978885,27.10421924593043,1
11.505752876438219,-1.197584440619785,-0.021555473252730047,0.5415107811301143,-0.7535515587813807,-0.17378206039518285,0.3241217414689337,26.651118303944127,1
11.51575787893947,-1.0693048859395204,-0.010030460548142661,0.44472403737743244,-0.8440473519320555,-0.2697868985286061,0.43774876075141855,27.44788578682615,1
11.52576288144072,-1.0734518823925163,-0.04962797619561012,0.6328577669758495,-0.7360245330101773,0.1895721613263903,0.31614208962306234,26.970383731663297,1
11.53576788394197,-0.8286342294488448,0.4447861167677736,0.3468014120242461,-0.8823428781146092,0.2679189058536853,0.011806468166350155,27.030489016060027,1
11.54577288644322,-0.7546466243160933,0.0071084310308653295,0.62001325259974,-0.6939474097864192,0.0824035539960325,0.33314637660824686,27.091545250762493,1
11.555777888944473,-0.7547262956474449,-0.08785003024241897,0.49308740394643047,-0.9848387534041437,-0.007674330421059192,0.5041958582843369,27.48242017415182,1
11.565782891445723,-1.1849608410240966,0.2153495212977742,0.37491518365470716,-0.7246113642815294,0.16151172119675333,0.46557307412532445,26.99119448936529,1
11.575787893946973,-0.8926946346524571,0.5060137686179719,0.45740101029193936,-0.7178948768910464,-0.17675192785580962,0.07133485174284707,26.98174514399912,1
11.585792896448224,-1.0016685226720263,0.3496112254946132,0.44162574222311685,-1.1207145580089561,0.17619690508042907,0.0696189662090393,26.96936908233257,1
11.595797898949474,-0.9471416926960006,0.13927636512853947,0.37921986592686663,-0.6478611872032809,0.3830370602112196,0.25710136349529217,27.44704125662995,1
11.605802901450724,-0.5328195195020055,0.25799095866482663,0.23602881797577874,-0.7760822890493084,0.23301202116550396,0.6353945696348543,27.61065943701588,1
11.615807903951975,-0.5362560922682664,0.24103834321918585,0.37743399027809593,-0.4901709118513882,0.3145178223802945,0.11267840624408983,26.85003868964849,1
11.625812906453227,-0.9900958391131706,0.5330556109327036,0.24680331135546643,-0.5860749552388916,0.6149298970375839,0.7263787567025175,27.3186502342766,1
11.635817908954477,-0.9750315698940778,0.597656740676518,0.588140595449219,-0.4549992669498679,0.047318639312717556,0.3573282867889516,27.019322256729584,1
11.645822911455728,-0.7835124860562777,0.5573509569518661,0.6855353559332571,-0.6684161779375227,0.04864155593026827,0.3139632494328433,26.81669966277311,1
11.655827913956978,-0.7232791892137218,0.43504214631606747,0.3577172150094721,-1.0472415925225709,0.2796718900768149,0.4331352658373053,27.069658351392697,1
11.665832916458228,-0.6676734832454418,0.4382558097631973,0.4964126089971816,-0.413105632157694,0.28978731562647103,0.48189107438874135,27.28169084061144,1
11.675837918959479,-0.8652913757186761,0.32522660006430465,0.49744921135205344,-0.6714642826651565,0.1906526591396584,0.2698336032731066,26.83996426626723,1
11.685842921460731,-1.0401337900423866,0.5318161006108229,0.3839968498000314,-0.7017824315337993,0.09953378228193793,0.32526016861413165,26.718130449823814,1
11.695847923961981,-1.177656096437153,0.6454795931348548,0.11914369472012673,-0.3729574580222941,0.37176568419771244,0.24314174740260858,26.91517220171119,1
11.705852926463232,-1.0239571055337613,0.8112273855387984,0.4705229275798509,-0.9296278762115479,0.7252174176370222,0.21389075375985736,27.36196071703629,1
11.715857928964482,-0.7258320027031501,0.5449404942798283,0.3799615996708107,-0.9304429844136678,0.5375577564668651,0.20621550699893623,27.005863753439453,1
11.725862931465732,-0.7685400759895491,0.6651557265439867,0.6473229448455947,-0.5013073300923584,0.35232065006564134,0.486911324689569,26.995949026622107,1
11.735867933966983,-0.9594395389288929,0.522717151876205,0.21277520861416188,-0.9261572080669315,0.8750263692637957,0.06497425173387897,26.85738232733564,1
11.745872936468233,-0.8844850428771317,1.2513027437456192,0.022407480155742565,-0.4515243821630431,0.3723533146754216,0.27351215065431395,27.5361719893814,1
11.755877938969485,-0.7792319895602161,0.9747289614996715,0.6083131933620256,-0.9289082906096163,0.6550991472680685,0.2615952282913161,27.03194819408703,1
11.765882941470736,-0.8389159388088887,0.7785085864116705,0.4846248994543135,-0.5318507190032109,0.4590538451813473,0.0058652065437743905,27.58591790866197,1
11.775887943971986,-0.8470554000827832,0.6203415874659984,0.1825493051321243,-0.3479571256585429,0.25708382479235004,0.5040918940824238,27.111852674596747,1
11.785892946473236,-0.5779806255832963,1.165930968291924,0.6063846030560192,-0.5259118433540617,0.5677899021266312,0.2188075205110905,26.865327483806098,1
11.795897948974487,-0.6792872533924884,0.4769797630901377,0.4584798048570916,-0.263398321756996,0.7638633253186219,0.2469988619957144,27.261510775679643,1
11.805902951475737,-0.4709667091911591,1.0978568932258528,0.3894578305738582,-0.6449868669240278,0.935619039110678,0.3123564223281148,27.099260108521904,1
11.815907953976987,-0.39607394827017656,0.7713218127974646,0.4737896032443157,-0.40582440588868623,0.767063087873,0.45216125830687187,27.09271405050721,1
11.82591295647824,-0.23384639110742633,0.848440032744596,0.59535736835301,-0.4793203219710289,0.8787175744819461,-0.001475638162056792,26.82302538112502,1
11.83591795897949,-0.42755317199871795,0.6628471862127846,0.6144449744406513,-0.36293436607785995,0.48129953288476385,0.09460085272712669,27.109981874104143,1
11.84592296148074,-0.6227623534343317,1.0913572745755151,0.3438156124983287,-0.41592463672782237,0.7427916972681727,0.4198929803279431,26.840101884172213,1
11.85592796398199,-0.30862346988764855,0.8190488927829249,0.32108483282586964,0.010029973000050114,0.6337413905261022,0.5606657473687958,26.727802032188322,1
11.865932966483241,-0.2975068531592576,0.6668352809592977,0.70475133103385,-0.30577089962416787,0.7887944115202941,0.3445955954738843,27.260639501491664,1
11.875937968984491,-0.376316433459377,0.8005395824951881,0.7593625942542265,-0.47026343493442097,0.6141697958651686,-0.001351823632330807,26.967441647230547,1
11.885942971485743,-0.18543839026667586,0.5845941766964042,0.15430541779850898,0.004534296315213777,0.5885924158559428,0.20334053205395697,26.947936674731583,1
11.895947973986994,-0.2385636314663396,0.9938085025782414,0.1984464831175723,-0.24535870886736155,0.7177339333307884,0.2670825693584002,27.077679128467707,1
11.905952976488244,-0.18506556856485137,1.2415361054423475,0.2024807013175652,-0.14889463165339548,0.3931692456020462,-0.15370516171705542,27.08150507535001,1
11.915957978989494,0.05731083635079108,1.1747360589482025,0.24643747903249424,-0.15526679983426553,1.0311571092144423,0.5064721312124069,27.080655235920297,1
11.925962981490745,-0.18867786628159394,0.8869322641239241,0.1437597411028227,0.06489047174984101,0.7933008327308094,0.21193106277775878,27.052672225477746,1
11.935967983991995,-0.40291064437897994,1.1778561086411072,0.4704859326715367,0.0035919008022462407,0.580886961283208,0.21064074201010072,26.59596430136537,1
11.945972986493246,0.2018468375227857,0.9450885239440883,0.5285608373941386,0.057790180820585256,0.6032145581379318,0.01917953276700448,27.05268106494131,1
11.955977988994498,-0.1674397464458823,1.2353919538169744,0.19723465692676057,-0.20463296715176132,0.9947795016070178,0.19265981759787235,26.827854025826966,1
11.965982991495748,0.049397970842770124,1.2758932447309972,0.44591047466381506,-0.21289291380520442,0.8676595131513392,0.35966701673845186,26.870871690359785,1
11.975987993996998,0.3248578318501736,1.1433715521917236,0.2384899559534071,-0.22040716365173965,1.0763235795528856,0.2644601846105722,27.155047579747336,1
11.985992996498249,0.3868991325427087,0.9232741620418383,0.20033863142495487,0.04496944565130317,0.4779261398259265,0.02403119623973811,27.439932717356573,1
11.9959979989995,-0.29594808355473445,1.0549316904662824,-0.01853745409292691,0.1040828869364589,0.9605136456131298,0.1756337914843959,27.340936672297453,1
12.00600300150075,0.039030007285259655,0.8052190325791769,0.404460452167696,-0.42314519313211457,0.8375227595564095,0.40562259235146114,26.15942652915363,1
12.016008004002,0.13569551249174372,1.098685721443285,0.4123425762953688,-0.3348828451805753,0.8813734736615296,-0.0047819847702292185,26.805638313106044,1
12.026013006503252,0.1536114187671741,1.0339885964939892,0.034432310860905056,0.10469917025035522,0.6267322661062302,0.62519937535662,26.91055424214003,1
12.036018009004502,-0.025568642066809852,0.7121847983297804,0.5740541746120044,0.040484078885091555,0.8699608383983702,0.23275500882637992,26.912172624368264,1
12.046023011505753,0.24443355152049798,1.052775062205848,0.49538231424967033,0.15535664776625208,0.8770112325619646,0.33556249278491035,27.3914504289958,1
12.056028014007003,0.20209300192228627,1.0404736135180628,0.30952173463622235,0.39482863037297555,0.7101974473854776,0.2657085358296745,27.11652738410325,1
12.066033016508253,-0.0010874483010451118,1.1051624484448943,0.055672689054426405,0.22154643716175917,0.7019533795367842,0.4042532746225575,26.76605799727872,1
12.076038019009504,0.433117325795517,0.6668657821097759,0.31310073033790975,0.13146270880122934,0.7314734848842643,0.043893860964921864,27.184488369614034,1
12.086043021510754,0.5062585666217975,0.9149352320056899,0.36594215988571416,0.3213016219971311,1.0835237914194678,-0.0712413770139492,26.68592347496793,1
12.096048024012006,0.4314949068208745,0.8890695562113098,0.2300755152246328,0.025182824430034566,0.6408887767556101,0.2420892754972937,27.00719400570468,1
12.106053026513257,0.17662054720014972,0.9440702394743684,0.1454181927518373,0.007305629687885755,1.0086843871761113,0.4614100299296999,27.125554367747117,1
12.116058029014507,0.2581750386516279,1.0146686023020162,-0.0025138521757099817,0.3234265900983714,0.8774863160923853,-0.04649188572885101,27.345704591688577,1
12.126063031515757,0.2889843964804746,0.7078028550210248,0.13590972467423953,0.4628291887106353,0.7121931732428614,-0.10362414230152572,27.059465198316246,1
12.136068034017008,0.4797705407289749,0.8506038390771757,0.23418884613019425,-0.027021352148549352,0.78334674652444,0.13382933152829288,27.47622018072466,1
12.146073036518258,0.5231291241703542,1.0643061503825413,0.12465567764611565,0.1327443852537461,0.40792152252542785,0.21237006356733873,26.530507831967466,1
12.15607803901951,0.3515654737985467,0.9494195552693888,0.01761002642382343,0.6256928736850854,0.78069739005099,-0.06814090433297988,27.15096971535975,1
12.16608304152076,0.9585230781638072,1.0301437440924306,0.23614908633523235,-0.01590292203752311,0.5802086589478781,0.24112582912753636,26.960016385431253,1
12.176088044022011,0.5666215878906247,0.8501205453866567,0.41993046347425866,0.498497783271939,0.5886591356069099,-0.15015589480575103,26.81977562080843,1
12.186093046523261,0.6557406759867985,0.629341418846942,0.10073579641555853,0.8756706391403989,0.8732571180352768,-0.04726002647584419,26.667938912539782,1
12.196098049024512,0.8441781679532215,0.565459069568991,0.13888686481988413,0.5116213300381642,0.7894211267426466,0.11850315304078679,26.8074535788167,1
12.206103051525762,0.4899091761128549,0.6256677744114674,0.2936940491976232,0.6041037749390509,0.7431664878653392,0.1674827981657322,27.09647536211183,1
12.216108054027012,0.6516368934578701,0.7160143494557918,-0.0712706663095297,0.7808499846031801,0.6203112594142473,-0.13358448787176477,27.51381342338288,1
12.226113056528265,0.6610526414875747,0.5187371819955756,0.2765082654372686,0.4932917969091435,0.6565804596401811,0.3862739433983179,26.891047332380154,1
12.236118059029515,0.6321861359195221,0.5811574501498272,0.11033874439125546,0.7307433566914033,0.6626778677274373,0.12289622718851367,26.622520611189813,1
12.246123061530765,0.8280754050419235,0.9294438706829451,0.20145906469069208,0.4159789444951404,0.7037007478657397,0.3881214052286483,26.943882745057902,1
12.256128064032016,0.7386508379660258,0.737030909684069,0.36027957099116387,0.471457478139317,0.5084632148565137,0.22951587919139851,26.74618809821171,1
12.266133066533266,0.8726794757412126,0.682481149044075,0.20810752405804023,0.3391139188067936,0.424612423830682,0.5221354589790501,26.942105589671794,1
12.276138069034516,0.40395704861486614,0.5237194802491966,0.3998016191944932,0.65476965431817,0.3254783649894759,0.25084906384919803,26.689620612118002,1
12.286143071535767,0.9132300942329898,0.40751845223968763,0.2702233856983587,0.9444671156093329,0.40061240032017403,0.11815524687125493,26.726223540546712,1
12.296148074037019,0.9429682885969246,0.7198036507939677,0.020007301565327068,0.46027911995618714,0.12558805928756483,0.0011316123156249682,27.073167282486136,1
12.30615307653827,0.5812398990301606,0.4959693545982662,-0.07636352682449654,0.9430982942580778,0.5885653081425629,0.3366213044328556,26.400496509856612,1
12.31615807903952,0.6972317078732301,0.6741775422167903,0.05278925008035803,0.6935202175873932,0.28357506606124033,-0.06559282268016742,27.245578385502963,1
12.32616308154077,1.039782326125879,0.255754164909145,0.2729975786953548,0.4693546611697069,0.27433675107477434,0.39625904467330864,27.408302011430933,1
12.33616808404202,0.8841675263130573,0.7880573286995486,0.04947092873682055,0.6805517730754684,0.5834452673451158,-0.02846625256311203,26.85143547059858,1
12.34617308654327,0.8243022112663624,0.590366597199282,0.12054060335290753,0.6566673137215634,0.20619716600321206,0.1672133491490108,27.137262580201433,1
12.356178089044523,0.9846272949172304,0.5633155129385069,-0.13039746270212885,0.8062054829510968,0.013374277902181092,-0.21588194742003308,27.071549677701917,1
12.366183091545773,1.0918235920938824,0.13513628878884199,0.028850632877356248,0.7731224007187123,0.23720233368265556,0.26497867442309236,27.27533045933854,1
12.376188094047023,0.8625653996654497,0.16392829162255199,-0.1286301470516979,0.4789863138439219,0.6173559410937466,0.09615012667937997,26.58546924342969,1
12.386193096548274,1.0922785283130432,0.2610570562133705,-0.4213511707918116,0.7282776421720297,0.41490471650459737,-0.023596313848158402,27.42169427925239,1
12.396198099049524,0.9853429671670858,0.18478797874792352,-0.04365403022813882,0.7362724460000096,0.5182814706625757,0.42419728634375414,27.026759458983772,1
12.406203101550775,0.9007802560667675,0.3797778999503938,-0.09294841926293093,1.2656684186525977,0.3705753789804174,-0.009011374134011678,27.14184452097835,1
12.416208104052025,0.4212272774015729,0.03058635979475317,-0.15557055410482304,0.716663720441249,0.1118679790100952,-0.32357551892032804,26.611185392152823,1
12.426213106553277,0.9382692507830589,0.10592390509228422,0.09266081925510661,0.5445888289292183,-0.16310180680095698,0.04302252642497614,26.86290244985243,1
12.436218109054527,0.6984233905328361,0.40908023330285415,-0.08399935750035831,1.0249182865186939,0.12575700525592537,0.009137889458284585,27.150327002792633,1
12.446223111555778,1.289746624674315,-0.03859179816302421,0.3886558795863072,0.9169718904244136,0.002086038174903947,0.011975669991823704,27.452675668280072,1
12.456228114057028,1.2128081605860697,0.1826162067798948,0.15063165277796112,1.3739926926579333,-0.10673973452833471,0.4445154725520037,26.9202514903059,1
12.466233116558278,1.2098194736466443,0.03952780433653957,0.07674402919464776,1.054103661831793,0.14326700993051752,0.11484927585820286,26.99981745530331,1
12.476238119059529,1.2380565115454885,-0.22691973099221832,-0.12312204659721113,0.8789446572783547,0.03532604036918847,-0.18017036719837823,26.17787207338952,1
12.48624312156078,1.2370728859583822,0.30624170241075516,-0.40320745104303024,1.055108327118252,-0.09788749138883909,-0.10047190332413873,27.286616571353957,1
12.496248124062031,0.7595302570169331,-0.21050878125726166,0.03280172586018447,0.7614633295108205,0.1791038840708521,-0.1278411275414912,27.15469818902502,1
12.506253126563282,1.3236619629953696,-0.2855020505479264,0.15589083121751177,0.6892133648667698,0.08912395502904315,0.005324106840002975,27.205767136931374,1
12.516258129064532,0.9458134585628057,-0.057588803026363024,0.16936252972057042,0.7684385190085677,0.038877480145871425,-0.033263513035233845,27.15157840295226,1
12.526263131565782,0.9228032083151703,0.31227671769576537,-0.16804780866374086,0.8213400766630318,-0.03727367617971267,0.05586308681395069,27.312657173094905,1
12.536268134067033,1.0402943781939702,-0.050982419647594084,-0.021521348481020542,0.6435806988063952,-0.3702310396179603,-0.052974331304021446,26.918611031055708,1
12.546273136568283,0.5198860693090193,0.07288191572717469,0.35146288301736917,1.1681215548298332,-0.06941414722855795,-0.019921324293768843,26.953592900659633,1
12.556278139069535,1.1272855268570572,-0.2809330630201196,0.12619788340231017,0.9718321247614534,-0.4733164893033773,0.38407164017732404,27.179725255588448,1
12.566283141570786,1.1855229817862174,-0.17159114489556768,-0.013373668326345442,0.8870159486909431,-0.3208794344425941,0.3456721120020432,27.0600101361937,1
12.576288144072036,0.9571935593793398,0.08679968930504811,-0.2737677124795099,0.37614131103046144,-0.3829110521086521,-0.17208293794505253,27.419545197920797,1
12.586293146573286,1.1194971459867396,-0.24109150015536132,-0.08172969667479621,0.912220002233568,-0.11625834459926149,-0.1154142546194853,27.02620722757808,1
12.596298149074537,0.8086685646972549,-0.547380913483896,0.0677855188277415,0.8699415757848902,0.11384223693407643,-0.0926893781092952,26.83039501424967,1
12.606303151575787,0.97400787435016,-0.13487379533724955,-0.10110249253545779,1.226572661002359,-0.4464950945194129,-0.12043897639026512,26.631151452687572,1
12.616308154077037,0.853410373167008,-0.2439921315785713,0.17161566473448822,0.6760469740993037,-0.4582030821561229,0.24118261146369274,26.439080501413503,1
12.62631315657829,0.9095537189186679,-0.14680349027664671,-0.16230345429950627,0.761242385312936,-0.07800005858597125,-0.06246253679804392,26.67879948857502,1
12.63631815907954,0.8041641642372489,-0.4529453592594388,-0.04089686599145772,0.730688428895783,-0.2527090671098363,-0.07179740878569071,27.152074716040893,1
12.64632316158079,0.8876481291304132,-0.223626172249558,-0.17489182036147474,0.780009583654694,-0.30455452550778384,-0.37681805916154626,27.484956496354126,1
12.65632816408204,0.7496223537461817,-0.5800244548227775,-0.21373115356913763,0.745680615445736,-0.5878192032707726,-0.12276354245748726,26.76203364083789,1
12.666333166583291,1.0508659655100079,-0.6973577147992013,-0.20750478650240756,0.6089366356548359,-0.653589947889239,-0.22116729252002,26.91963037975245,1
12.676338169084541,0.7078610794973947,-0.2931602281112093,0.08049128520055139,0.6984004317727879,-0.6111312420702961,-0.32363361018261183,27.345873976861444,1
12.686343171585792,1.2140063201267344,-0.3314991921280036,-0.38293845082159605,0.7807161065232135,-0.48954870045803195,-0.29073301544252783,26.69756804797187,1
12.696348174087044,0.8316137007648832,-0.7160194785339131,-0.17573025935732736,0.6712539030579797,-0.43413263388675605,0.1698803974673275,27.022405752791066,1
12.706353176588294,0.8023888534060659,-0.6840309954640693,-0.03093760582028577,0.44527195909761075,-0.503488533366446,-0.06850142592126511,26.661497528920265,1
12.716358179089545,1.0306919927591052,-0.20551336215441876,-0.10704184609803065,0.6100056668154433,-0.5206490463754522,-0.29560094659876424,27.009242140499385,1
12.726363181590795,1.0652416929529351,-0.7388419124075009,-0.4661263070161362,0.8244192203449101,-0.8841005302545594,-0.39083369118072936,27.020725557817283,1
12.736368184092045,0.1743384968691414,-0.5861484668294628,0.03397633481565825,0.7311967411230929,-0.8243395525436791,-0.40848475357530106,26.545627947282433,1
12.746373186593296,0.7696593057911421,-0.7181704104929523,-0.23941350992915766,0.5794546208548729,-0.1006509593468412,0.1366110632148568,26.856142501610464,1
12.756378189094548,1.0168125990669372,-0.8266944706042472,-0.07701125632330882,0.6406639574852451,-0.6723882668373147,-0.18146486778780282,27.840411896890494,1
12.766383191595798,0.5701411126746584,-0.9122356423996111,0.0012856682963269573,0.615206264580743,-0.6502798827285604,-0.1468153894488233,27.100822623751604,1
12.776388194097049,0.7466477704217657,-0.5860544219338056,-0.09723094384614758,0.38303559029090056,-0.8475862528351057,-0.5064357858462647,26.967242071649835,1
12.786393196598299,0.8480768693932689,-0.822700974256818,0.099860257083258,0.5341073428867341,-0.552059510940374,0.1135176002158089,26.873660929559676,1
12.79639819909955,0.6869451430817599,-0.5305642927503583,-0.2377646950470611,0.3356439559994778,-0.2785320196221561,-0.12474269505026504,26.541422611122215,1
12.8064032016008,0.6323857475983791,-0.9804942268601008,-0.27990343674351065,0.5112368393925344,-0.44289270264821484,-0.3075557950240146,27.589065850063143,1
12.81640820410205,0.6119891002361191,-1.143939736829848,-0.1470100312392441,0.10232838100747196,-0.3782407494468263,-0.33154153734620956,26.64642816456895,1
12.826413206603302,0.7998164367445734,-0.6667382941869093,-0.06386880005726149,0.5862670375544172,-0.671405092194573,-0.0036317551663499685,26.738164513941708,1
12.836418209104552,0.3060760213700856,-0.9717859094983428,-0.17010130788449576,0.5534056166766407,-0.6777738712116135,-0.009861103348976715,26.744940676255602,1
12.846423211605803,0.13606497196439873,-0.6440689207669276,-0.3121190910689386,0.5848003010278829,-0.5728131631579078,0.10906035079582573,27.15636473735662,1
12.856428214107053,0.01848087018321807,-0.7778488968011773,0.038490642142268994,0.20746150442895275,-0.8989432115165308,-0.2829736670640265,27.634803617049297,1
12.866433216608304,0.11924564948975283,-0.9637998093652583,-0.2121949392852793,0.6249549999505707,-0.7712069573234109,-0.17244063980890578,27.191687044263823,1
12.876438219109554,0.23637250383559366,-1.22349091801373,-0.4510697893802817,0.3696284664207736,-0.8491111783779404,-0.8272448120790767,26.699918843166962,1
12.886443221610804,0.26529100222447516,-0.7425075726698395,-0.3990431730778905,0.6149469416808895,-0.7869177452453234,-0.5657785778987382,27.097645533697385,1
12.896448224112056,0.5372780436743397,-1.1731493051203514,-0.23976004087233085,0.23175807679576044,-0.9377639196137396,-0.10476441389716157,27.480272397566676,1
12.906453226613307,0.6018897570345713,-1.559257883475963,-0.08346390957690746,0.4808101846762242,-0.5886207163293766,0.2035036847180604,26.52833083677656,1
12.916458229114557,0.1983492683948408,-0.9520251828904162,-0.5768412599631382,0.37068945320644175,-0.5882339601962003,-0.21781445489482354,26.86343382573519,1
12.926463231615807,0.176723112642957,-0.9620523698748659,-0.08498670454205896,-0.1980563208447951,-0.7687813228472171,-0.3172983226695354,27.08702636989063,1
12.936468234117058,0.20797903728069247,-1.1128911915056885,-0.26371662650999195,0.259503983775906,-0.738957543784183,-0.16603160074856405,26.898273511641953,1
12.946473236618308,0.186771812506055,-0.9850295339792503,-0.46425138782131226,-0.18045941542434257,-1.012043228137265,-0.28696381416214617,26.834162724736444,1
12.956478239119559,0.018676751211977944,-0.9343150211016579,-0.3198626117698892,0.06131937515597903,-0.9300822191819009,-0.3372521782216248,26.662739970915908,1
12.96648324162081,-0.060170967936353154,-1.0709161152046218,-0.021287161435213024,0.027025376595743805,-0.9677624838137618,-0.262607760503685,26.755900627458733,1
12.976488244122061,-0.07981601238123646,-1.2593660527580837,-0.38873315759836297,-0.20837018858271483,-0.8635328837565037,0.06906780340526636,26.761602244756258,1
12.986493246623311,-0.09924886619721242,-0.739079291109066,-0.14863257918611594,0.31579928027972815,-0.6648523699579922,-0.4982183020674464,26.744765175411555,1
12.996498249124562,-0.13523890339845598,-0.9505532515244697,-0.07668420666834647,-0.15882409555821536,-0.6705199391037023,-0.13905028879956682,27.157375404914283,1
13.006503251625812,-0.08737368061444176,-1.302588297583345,-0.4329651362113688,-0.20217951157995903,-1.1021671545749254,-0.2559587200461295,26.749551026836,1
13.016508254127062,0.014938299418102121,-1.138118341704722,-0.23493711542560636,0.06775423164361215,-0.802545379390727,-0.34821309939745393,26.914294035572322,1
13.026513256628315,0.24050681472841595,-0.6583301895579233,-0.3012166847386319,-0.2213148506304617,-1.006574369899211,-0.3253158030948985,26.650207744295862,1
13.036518259129565,-0.09368804221288449,-1.206803527706205,-0.3942974772533058,0.03927378806120763,-1.0036080835219596,-0.3182262723534562,27.363049828609597,1
13.046523261630815,-0.27382975614452787,-1.1381970902829526,-0.45459108636958123,0.05256423173760543,-0.9257304665124848,-0.6841138208739668,27.104884599308516,1
13.056528264132066,-0.15293021338574786,-1.2381478921559244,-0.26324062309617136,-0.1747349456790156,-0.992056249778977,-0.16216342321088273,26.945387870674303,1
13.066533266633316,0.15914021855741176,-1.1716535154197478,-0.1767382809946022,0.052235089414071394,-1.2507837141515492,-0.34198612931641864,27.283264452075546,1
13.076538269134566,-0.1974440474221798,-1.006346977885473,-0.17048914527960757,-0.035353178659196204,-0.8628105075312423,-0.21649717628068368,27.35377894757377,1
13.086543271635817,-0.1106032184673145,-1.1984698301183987,-0.11315557964866954,0.001846476414784223,-0.8646740894306114,-0.2801070034030095,27.062003288561733,1
13.096548274137069,-0.3246789695177955,-1.1087486796512835,-0.32556019456037916,-0.3897664440650058,-0.5013337132383245,-0.5965719166731528,27.276744351069933,1
13.10655327663832,-0.3020568797867969,-0.9025663560327051,-0.2719847768945995,-0.38290998303294127,-1.0881372551541957,-0.4528200663709887,26.965852568307756,1
13.11655827913957,-0.2712915261374969,-1.0827403224943064,-0.576616159447906,-0.07144004868331587,-0.5736236677492944,-0.3976166851170758,27.651357858318747,1
13.12656328164082,-0.10001987286104902,-0.8445587423546622,-0.18970161226370122,-0.4783706657084087,-0.8511615575202243,-0.5202606530641103,26.46329628284957,1
13.13656828414207,-0.21330515288822302,-0.9750773643116687,-0.2665366430719678,-0.2517751905657947,-1.05237142367923,-0.2729358418894482,27.05849031179723,1
13.14657328664332,-0.5560153419450745,-1.1296861325391048,-0.18347899507571455,-0.24793772507082085,-0.4520386121096652,-0.24628012061242197,26.115928734214794,1
13.156578289144571,-0.15086804972167644,-0.8155317838951419,-0.3352129546626106,-0.2558360727842288,-0.6673724360405783,-0.33320395081530196,26.702599682329726,1
13.166583291645823,-0.6927017815691808,-0.732321273982799,-0.26767643205438907,-0.43971925099385895,-0.8622823941130175,-0.29103998966659983,26.96505349421069,1
13.176588294147074,-0.4284636641658338,-0.8639348523675584,-0.18120884716880478,-0.40981754119875236,-0.6161036446872334,-0.12167777581717094,26.674211048777487,1
13.186593296648324,-0.6924733174630092,-1.1479158165862706,-0.30616148021772394,-0.4078351090756152,-0.859492007348426,-0.41163789203005396,26.650367542133683,1
13.196598299149574,-0.28629896672067956,-0.5448463488060457,-0.20492396306237554,-0.39607206208151835,-0.47009433506277126,-0.39020035287814203,26.256748164411295,1
13.206603301650825,-0.8110359132199554,-0.8773862725664275,-0.25497144429633123,-0.2195238360214222,-1.0234747064398626,0.14367638806260946,26.618853526325452,1
13.216608304152075,-0.43664056669851126,-0.7989631008501371,-0.3261348155014289,-0.5676295459207628,-0.519496607002174,-0.12713628606470337,27.053600932565722,1
13.226613306653327,-1.328859165850408,-0.6047143942080756,-0.48998491093017643,-0.32141331467746653,-0.44232695956221074,-0.34892850336886017,26.915828488020434,1
13.236618309154577,-0.8003157473089467,-0.5681838041667167,-0.04356666674433597,-0.54897085242053,-0.8799915774225975,-0.3424570952880412,26.986051025662032,1
13.246623311655828,-0.6101446649004711,-0.6155223164129666,-0.20423391065996518,-0.4239771297055502,-0.46922488813923596,-0.10183785223498974,27.19256371844333,1
13.256628314157078,-0.7992188845671264,-0.746205161557896,-0.7383982470084873,-1.1280917299320747,-0.2536692877771958,-0.3233656613995026,26.823251883603316,1
13.266633316658329,-0.7046948856126458,-0.6878815459434191,-0.6732286351764649,-0.5616413731770138,-0.5773950641598267,-0.39895330125332684,27.389189260177663,1
13.276638319159579,-0.7793993082560763,-0.663565263497256,-0.4643795689857863,-0.6325678734684461,-0.38085059854120346,-0.20992363356174357,27.001561578568484,1
13.28664332166083,-0.876632218368172,-0.7324271585890862,-0.42857240321639867,-0.5622973491069672,-0.4399695160626727,-0.11393735379305477,27.56104160784639,1
13.296648324162081,-0.903342000232332,-0.438869740189296,-0.2640074708217538,-0.6395263549542428,-0.6709592380318393,-0.4044426507292966,26.895975032697528,1
13.306653326663332,-0.9508338992373161,-0.6768546331135409,-0.5795037772156023,-0.5088432994626794,-0.21932249243832258,-0.6950257184235772,26.758882901731596,1
13.316658329164582,-0.9329028305967634,-0.6338372038040628,-0.42134317296296636,-1.1070276656294997,-0.5458236118241121,-0.5685678313820689,26.660703783454323,1
13.326663331665833,-0.8815957942716894,-0.689125586584287,-0.4624686601201831,-0.5025243625051494,-0.42919663607743636,-0.26792689663641,27.042806523660488,1
13.336668334167083,-0.5500163743486416,-0.308044180732444,-0.29972050820984836,-0.7883034152971584,-0.32379184359484997,-0.1285916868189292,26.707664235716912,1
13.346673336668333,-0.8410231225571257,0.2127919027481961,-0.45332418991521356,-0.8049729456894321,-0.34868228472351925,-0.40300020541362436,27.41535148879531,1
13.356678339169584,-0.8512691945700857,-0.32594317039638604,-0.1654687388812667,-0.43572980933421607,-0.22321864893222884,-0.29234488262612873,26.823172976553934,1
13.366683341670836,-1.0857579606774004,-0.451372078484613,-0.5320401091438924,-0.987534895784845,-0.48011685676491156,-0.3071648915723098,26.667117189629092,1
13.376688344172086,-1.2621800534656378,-0.18202540058611533,-0.4341636829736092,-0.7475896021868527,-0.5866041514968456,-0.38806676284645225,27.227191267132426,1
13.386693346673336,-0.8165648822725556,-0.6242118481496877,-0.3461452493698161,-0.9174076538629412,-0.255928108419859,-0.3668699131530988,26.95225515853868,1
13.396698349174587,-1.0917179962563106,-0.5345383174944575,-0.3380764528800117,-0.45442670421370895,0.05030301920236636,-0.7661344460135028,27.074563531535695,1
13.406703351675837,-0.9511162753194243,-0.29634716912531844,-0.5138190491467087,-0.7284288442286468,-0.2778528903271909,-0.5944191572991959,26.00366563332326,1
13.416708354177088,-1.0840859817254878,-0.1462264872604499,-0.389428462074174,-0.7858146446640393,-0.44880190086929533,-0.10980270115124592,27.005469299141136,1
13.42671335667834,-0.9782320939196817,-0.33657736875893635,-0.735782841650287,-0.8557657660553465,0.007979157730014645,-0.48461471394272104,26.45618161047806,1
13.43671835917959,-1.184368660015284,-0.07367887764198923,-0.2966737553428528,-0.8600084116495023,-0.07107461720356748,-0.6681121530768619,26.95765509829716,1
13.44672336168084,-1.0510601692247927,-0.21501611466902232,-0.20686151071559758,-1.0215243117017703,-0.22473095791635297,-0.1369697976194111,26.616379243554224,1
13.45672836418209,-1.2359374568273127,-0.06863356371183868,-0.5630545905205666,-0.7996808563215888,-0.3293112044048043,-0.13245547420829773,27.05414044254936,1
13.466733366683341,-0.9479373101839422,0.1481379138265931,-0.564416382696348,-0.8442816993481216,0.027689740011177987,-0.25530495914406764,27.55886073642005,1
13.476738369184591,-0.971298807112358,-0.14216056989224704,-0.25749900064721404,-0.7797191495778983,-0.337356556867806,-0.0703547348933882,27.235537975638017,1
13.486743371685842,-0.8306262982310532,0.21872541879164445,-0.7183541621538958,-0.9629130553134219,0.025093640808732245,-0.2600445850305701,26.634547179957803,1
13.496748374187094,-0.9213141201145845,-0.3233387708917737,-0.19431540867573016,-0.7619307831630916,0.2651601440001819,-0.15750342764774905,27.274113495702778,1
13.506753376688344,-0.9612600806215278,0.06443554037541294,-0.18738456575143272,-0.5492985540378278,0.25330877919566647,-0.29492075899802267,27.12678858515777,1
13.516758379189595,-1.4012610351284003,-0.17041796547882737,-0.7084498621691182,-0.4768351835339618,0.041455197734862906,-0.4319544495336215,26.797183690035357,1
13.526763381690845,-0.7979724229103059,3.2926919975706796e-05,-0.5983554598677303,-0.9041779051741679,0.3096664765496765,-0.41001758173168257,26.869242793505578,1
13.536768384192095,-0.8999164751110538,0.3313009470963497,-0.6710198316445247,-0.9876547586150033,-0.13781357811017053,-0.12652761688274242,27.260218347899393,1
13.546773386693346,-1.3140602995129034,0.02825127466959222,-0.8544837919120201,-1.0125458156395715,0.007199125099033619,-0.5476732497416968,26.615552708139354,1
13.556778389194596,-1.1332324537877916,0.6984037327412294,-0.6691526084929784,-0.7813383380915926,0.3227732419878518,-0.20701049951828246,27.397650065916377,1
13.566783391695848,-1.0123395999592673,0.641909464457039,-0.6351809664793449,-0.27898892109159684,0.4650712628625079,0.09615899791897284,27.29317901109094,1
13.576788394197099,-0.9351533796877731,0.18833944488411633,-0.36613674244099653,-0.781619141518191,-0.40171687076997586,-0.24586711338025913,26.980538567683993,1
13.586793396698349,-0.9204854624439781,0.5672360120595049,-0.43444744984658046,-1.1959397672188523,0.5097023473051191,-0.28757649903692334,26.735454450304374,1
13.5967983991996,-1.0708116044110183,0.1738485640889491,-0.6406614654125801,-0.8711360409861326,-0.09874125168014707,-0.3924006868671604,27.631525991800352,1
13.60680340170085,-1.3573398109743329,0.332247328670508,-0.7137136850011513,-0.9538055477972429,0.653881585723878,-0.1564542584397649,27.334158719394665,1
13.6168084042021,-1.4937180778352015,0.6196389689972204,-0.13903433939839682,-0.8410659141808078,0.08367613344910406,-0.6404992916742197,26.56318605199607,1
13.626813406703352,-0.8003097280172985,0.0572494593650704,-0.3905495719627852,-0.8884581891518759,0.5355324989818298,0.005211653390765597,27.34223574013574,1
13.636818409204603,-0.849850276189305,0.08281879004785778,-0.6427927240333872,-0.378623180693981,0.1323518540460693,-0.6546172056971116,26.791295776750047,1
13.646823411705853,-0.7882766068614401,0.34557768595078703,-0.6993746867318417,-0.5293107398069438,0.20138021707853576,-0.4626863961723599,26.63233958333553,1
13.656828414207103,-0.8541212674487392,0.4494078569580092,-0.5189179096909707,-0.5826347703222571,-0.2280992506093535,-0.7277430028574455,27.442349210271153,1
13.666833416708354,-1.0512729578518085,0.3818178988162927,-0.47653798200292,-0.6096173929192913,0.4148222350607328,-0.745269406443869,26.97898606688161,1
13.676838419209604,-0.7047121724768205,0.31967476475482376,-0.7163817275502157,-0.5336830311722065,0.5166525579506113,-0.5327481798547239,26.978991066957587,1
13.686843421710854,-0.9029561738754734,0.5372725428484909,-0.8660683630281844,-0.8931344398431776,0.31298786277981383,-0.07728830890623442,26.534692145405003,1
13.696848424212106,-0.5121819683521716,0.5848275509324382,-0.6110863872831652,-0.8021650977209568,0.1655807545680484,-0.39279228656710935,26.866943520048867,1
13.706853426713357,-0.7822873836330859,0.3208696864919842,-0.2837223502237401,-0.8001383599040534,0.4287832982649416,-0.26958861091640707,27.266957085535648,1
13.716858429214607,-0.6924927717443642,0.7617036737128938,-0.7817360513955961,-0.374983965026067,0.6698958305865829,-0.40092039938173096,27.036905602058027,1
13.726863431715858,-0.8673145191703845,0.738921503856048,-0.7885551802221076,-0.6093909495416765,0.8982603276341691,-0.28117205215188457,27.23038129905496,1
13.736868434217108,-0.8408746391034774,0.6566056738215224,-0.7642104752527634,-0.630752317691818,0.5735600190792665,-0.31303485409044507,26.302373953758096,1
13.746873436718358,-0.7604525243577724,0.6217460689560366,-0.41673938234544566,-0.44493012809902416,0.524410109380112,-0.4155415021790337,27.101070979192986,1
13.756878439219609,-0.5995323195865052,0.6838300801503343,-0.6725953693194534,-0.8585621420817762,0.5170138117227863,-0.5246210880929513,26.899985983317702,1
13.76688344172086,-0.7348438708801988,0.7524661062156273,-0.5243659629283214,-0.5717756375712932,0.5249292149702779,-0.5827243850756378,26.883753401019092,1
13.776888444222111,-0.6946909296329148,0.818383401146305,-0.2916477254559313,-0.7667836887857046,0.4157393491130902,0.11682995449354973,26.457723105245563,1
13.786893446723361,-0.7585735932565048,0.8335577574758429,-0.5271784298061778,-0.7169635407457987,0.7829251123467533,-0.28519029536488905,27.214364928439053,1
13.796898449224612,-0.5336953027506942,0.6804159127572226,-0.481914675805926,-0.41687479828757534,0.47563147497339425,0.035753882865609335,27.272061160383085,1
13.806903451725862,-0.6450270361062971,0.9793506775163288,-0.6252856934627028,-0.2583728059447942,0.8151736545644094,0.004621285075606814,27.173178710160276,1
13.816908454227113,-0.8350093718503997,0.6001942963048326,-1.0091440347483445,-1.0347740687836113,0.5744623072980805,-0.3200945091361908,27.319789115919548,1
13.826913456728363,-0.5137596602256571,0.6142413212796569,-0.6626393994213023,-0.39676970433259373,0.7589159771322617,-0.34705473934611075,26.71020872261654,1
13.836918459229615,-0.6533116767996876,0.5967754615359445,-0.7788242305611626,0.0538933010486644,0.6378559681220853,-0.4571606943615716,27.21619176940718,1
13.846923461730865,-0.44621893421219544,1.3975002646646286,-0.6022512076310246,-0.4522420210353971,0.7983499582644031,-0.4107632066736364,26.969791238154848,1
13.856928464232116,-0.6225784253887117,0.5245524435876442,-0.5038090410855852,-0.3108827288819647,0.7130915959842159,-0.47852374078815174,27.23626299729806,1
13.866933466733366,-0.5344297121678246,0.9171646156982591,-0.3716576607669679,-0.19692709563838964,0.6123725402394633,-0.2852138552493197,27.28984410372279,1
13.876938469234616,-0.2799228416067484,1.4145066642374204,-0.30336825316532257,-0.5365928192757384,0.726509311717827,-0.5378458625334033,26.299179118493623,1
13.886943471735867,-0.0018747566046027103,1.0028655213863833,-0.5114049936466589,0.056298508141630406,0.8814123001574483,-0.19104836141325054,27.322617166324925,1
13.896948474237119,-0.09493759158753101,0.8158525099616283,-0.44497672958712986,0.0644756837031482,0.8146489099317457,-0.6591789699975896,27.065761256290077,1
13.90695347673837,-0.15332154208456733,1.0265873150892868,-0.3895736711009929,-0.08876784656467668,0.8233637553641892,-0.6007234040987565,26.996718284411973,1
13.91695847923962,-0.16828841722875926,1.1126287803785984,-0.4709065844002487,-0.2187247180095225,1.085379537892616,-0.28589007476564426,26.393983075643032,1
13.92696348174087,-0.1111259913601702,0.9720285630967683,-0.3551122646299871,0.08646718888590685,0.92101822944945,-0.7181268899435037,26.95503658994335,1
13.93696848424212,0.026194442615123815,0.7468176692221566,-0.08259030034495869,-0.22235559171034602,0.9365889677499912,-0.2888241853731079,27.21579828054883,1
13.94697348674337,-0.1313976647414075,0.8334983323903458,-0.2957409246096499,-0.07595405833738794,0.9680626072290348,-0.41414304649558814,27.35189030974928,1
13.956978489244621,-0.23753712576885105,1.0524857251633093,-0.409755128392834,-0.02102512004740118,0.8066473964105586,-0.1896899123409544,26.667370531378502,1
13.966983491745873,-0.02846361478648558,0.9248077965019581,-0.26604499234203843,-0.14616352764245905,0.3539280012399751,-0.15072886199396024,27.21006295425563,1
13.976988494247124,-0.2621542573389143,1.1382868424307722,-0.44611492570241423,0.0834811898321786,0.8107702968752811,-0.25206653979652327,26.97424082976067,1
13.986993496748374,-0.05594920294447767,1.5044380071813872,-0.8857133005573954,-0.41948402815714414,0.40099860355738776,-0.686152135800635,27.000161808788665,1
13.996998499249624,0.05105855714117419,0.7216095139914273,-0.09125352429599198,-0.09415646941562145,0.6188040796350239,-0.1660016476081943,27.239966186911793,1
14.007003501750875,0.16404255770281728,0.8682371669294393,-0.6438081839603936,0.08545178962555545,0.5383414827332371,-0.0823138756189815,27.249883632847514,1
14.017008504252125,0.17224568340558763,0.7796911942816251,-0.47554549682323216,0.2900765708648975,0.7118173220424895,-0.3921114796809821,27.038152175758285,1
14.027013506753375,0.19623739724666214,1.1854856982643451,-0.5900679101879651,-0.2039326812561109,0.9897812789435103,-0.31355379799456434,26.741842839605628,1
14.037018509254628,0.1013830530076626,0.8851992179356345,-0.6194452067758766,0.013181241040229389,0.8158080327754351,-0.18859891298088863,27.88357388698053,1
14.047023511755878,0.19663172064214018,1.0794165956380564,-0.28167738787506014,0.5922765342267399,0.4537765221220399,-0.2080662067603531,26.61832871183041,1
14.057028514257128,0.3188612675234598,0.9672385398510188,-0.575054508018731,0.17120099025650198,0.9122212796634489,-0.5271439320106939,27.050983413315446,1
14.067033516758379,0.17566948896752033,1.0176941473496404,-0.5036876267100894,0.22068900912471798,1.1931721817478593,-0.2366813083316139,26.958121461865275,1
14.077038519259629,0.36127260695888885,0.686994736145285,-0.5813390506130042,-0.06793997567046511,1.0980605021322942,-0.11293249008825608,26.80912294950419,1
14.08704352176088,0.11498659987003594,1.0081788998158574,-0.19638494111522156,0.0476355191142842,0.9077152014223846,-0.2524227378474184,27.490502149719426,1
14.097048524262132,0.387553908949451,0.6914960162689711,-0.30073066992305625,0.32480638778741516,0.7146659921759385,-0.19986823340889776,26.875968359287047,1
14.107053526763382,0.5202287030431081,0.702242850536705,-0.5237365188634349,0.08736982125287698,0.8571288226514004,-0.8329050973723844,26.90861320549358,1
14.117058529264632,0.4744408432536341,1.0271291138183645,-0.5140013669126066,0.4403319232595031,0.9167259660240501,-0.36786268623656126,26.59333744165076,1
14.127063531765883,0.2588040951749074,0.44737706776349767,-0.25947444964800503,0.2117374838054269,0.6260192750370019,-0.04694044937548083,27.156238291707826,1
14.137068534267133,0.3196013306117671,0.5710820845158884,-0.3245268997049204,0.4682144284888107,0.6883608427710419,-0.5450245692875599,27.01852040293809,1
14.147073536768383,0.4785936457994519,0.9869446916010414,-0.45211878152839813,0.21967567752258962,0.6370245807898417,-0.4183807333926016,26.836035511129058,1
14.157078539269634,0.455395152103236,1.322475392618202,-0.5917650130127132,0.34887141872777483,0.6701406933096989,-0.4482730893628402,27.206982083068826,1
14.167083541770886,0.4617738439526248,0.41083922411688345,-0.2615774563073052,0.23177285460989566,1.009554833298091,-0.29749276923079565,27.453620384742436,1
14.177088544272136,0.4967627679778997,0.8850911465910319,-0.46469090706352345,0.11309254300736646,0.8519125042853295,-0.46598137456875216,27.025513758060054,1
14.187093546773387,0.5063439172285495,1.1035811495459025,-0.7481302051903472,0.28798578366216887,0.7273856352699224,-0.2943978243401942,27.088373040162097,1
14.197098549274637,0.4503901431266804,0.5255460978149539,-0.03151631683492327,0.22595344822682112,0.6292043168536441,-0.05615206855445063,26.84100212048896,1
14.207103551775887,0.5202940243157264,0.9703391233367727,-0.7784346428501785,0.17933246585455956,0.4432640297853357,-0.2844526093649431,26.91299087956014,1
14.217108554277138,0.7162903155007745,0.9312519011332756,-0.6253133680942053,0.5357192155511749,0.8960428616903167,-0.4136122198004072,26.466539181730244,1
14.227113556778388,0.6069781328638821,0.573062277964071,-0.6253763265788382,0.5835710889281525,0.6036864203892373,-0.18999137503785946,26.673145977517965,1
14.23711855927964,0.3911106298908939,0.6275152965332429,-0.260225928453198,0.311304388097629,0.3837599750277065,-0.5233917455277519,27.35105770022117,1
14.24712356178089,0.6992367652669746,0.4088968009352374,-0.5615315715780305,0.49054498043955785,0.5392679251274116,-0.2251981647358154,27.266534079107565,1
14.25712856428214,0.7050458094853116,0.5851732157070038,-0.5131819133150647,0.7078135481128426,0.8202702414399561,-0.31738702106547195,26.832815607115634,1
14.267133566783391,0.79923048785769,0.5258751501378826,-0.25711950712360293,0.37052725884079285,0.36188648066330886,-0.38347311736787476,26.804761903479463,1
14.277138569284642,0.6128905483467711,0.6775466419375294,-0.16201102327380948,0.2941562336662157,0.636133766750578,-0.6144334632264126,26.997687404555325,1
14.287143571785892,0.5588427403216066,0.6022291349267729,-0.47389167169752294,0.4067084700986745,0.6022933731701274,-0.6471513369548723,26.678952460947944,1
14.297148574287144,0.8574653105719019,0.26401284860002616,-0.6072742348089641,0.6319737247022778,0.24795788967057122,-0.3874735573642815,27.483834069809113,1
14.307153576788394,0.6822324033860708,0.8536962214292612,-0.703191206355209,0.4264232386713963,0.29396143689149745,-0.013222253540364375,27.006004141500483,1
14.317158579289645,0.9910237621621463,0.633061723862747,-0.4032560047055935,0.6030945719360316,0.5080013419906527,-0.14564060072453228,27.093020647162547,1
14.327163581790895,0.9015544979107878,0.21253065552577804,-0.3585843347836362,1.020682048433676,0.49366880135522234,-0.39604823620276935,26.785346170163177,1
14.337168584292145,0.8607374843529753,0.5752155721684552,-0.43697664917518453,0.4128059213516346,0.3709241799964912,-0.48901982358475266,27.416087967081985,1
14.347173586793396,1.0949779506420732,0.5708053844358678,-0.6559313631807951,0.6634267183365564,0.4329977093238485,-0.05351694040313968,26.46146124101404,1
14.357178589294646,1.179492000231804,0.1620495191832806,-0.2847977967655807,1.0451153905989177,0.4777654853399715,-0.16622673243357863,26.983469565080302,1
14.367183591795898,0.7334083093930818,0.33129045752497155,-0.3299836985814996,0.8301884475272845,0.3016626237214214,-0.34790545527557876,26.524426196781043,1
14.377188594297149,0.9984319063144571,0.4760683302816466,-0.31179508552163077,0.7730968019293563,-0.015281792689241656,0.03285574529749635,26.957946621052397,1
14.387193596798399,1.17221946235318,0.2661472013659624,-0.4186878118273861,0.6147186519936164,0.5621355890744499,-0.5562974275642851,26.94480340196911,1
14.39719859929965,1.0483998664313183,0.16405324645308222,-0.1563943672325013,0.49528079083016663,0.4102938708908986,-0.10116183319974022,27.260147066730056,1
14.4072036018009,0.9897755947077717,0.2632527948668506,0.047717297623187105,0.4940269714586124,0.03758716438451556,-0.13262004605525557,27.244419216486506,1
14.41720860430215,0.9052882586632115,0.33699215913543423,-0.22165253703674095,1.180756866930805,0.16799456656574638,-0.39116965502049794,27.28211090658699,1
14.4272136068034,0.6656335562181939,0.46504491168628936,-0.2682869182855058,1.1728955565780554,0.21011611192038562,-0.5481055327581578,26.645530026269277,1
14.437218609304653,1.022897571324104,0.11656513548826686,-0.4892184399577463,0.7318418116811255,0.4285312575196763,-0.24435673062134394,27.18580478863041,1
14.447223611805903,0.9893529322523228,0.11647724513146195,-0.05982005700450265,0.9300032558481108,0.1015917116461835,-0.4718092711730248,26.165111870297032,1
14.457228614307153,0.9746971076455002,-0.13840752167471573,-0.45172141373589647,0.9821749611621208,-0.30067457100977557,-0.0566433672279769,27.524440671757286,1
14.467233616808404,1.3308937698320393,0.603428969880947,-0.5034619866677368,0.3460271948779868,0.40014243372771724,-0.2937169620682855,26.711894084357365,1
14.477238619309654,0.6462137007951988,0.006841765968462477,-0.25936817835047943,0.7375074707829428,0.20308509815654044,-0.36706105618981305,27.164261946050715,1
14.487243621810904,0.7747903623769263,0.32565961859854964,-0.2609626340902536,0.690716455274566,0.06323490132973178,-0.14953901203380615,27.281760855498614,1
14.497248624312157,0.8655591429830573,0.28359575835079603,-0.5121991475311818,0.6805042011134085,0.07773173589385253,-0.4693918713541649,26.945441980262952,1
14.507253626813407,1.431220147260972,0.33889421344106846,-0.6059559748284571,1.039374350772276,-0.1751252316209921,-0.4677624633164905,27.21552350933299,1
14.517258629314657,1.0431450270378824,-0.3325643722656132,-0.3851890069617304,0.5077215765316557,0.015247549253957417,-0.19661679748194805,26.660843863190113,1
14.527263631815908,1.0359224544665047,-0.03913965698517758,-0.5358245663559698,0.3550312378890091,0.09793782100505471,-0.16466649618237275,26.69198685246442,1
14.537268634317158,1.027372228987827,-0.1609962734093697,-0.272181787833386,0.6676918463928488,-0.18093740920459642,-0.37425458862389693,27.298200836510652,1
14.547273636818408,0.9803522278288368,-0.39691636108252426,-0.39984863539618615,1.087738959295231,-0.4457956467552501,-0.22956137202477822,27.1945640242899,1
14.557278639319659,0.9924713294197652,-0.3185838483105861,0.3041992845939331,0.857787932352261,-0.1959507196658683,-0.4293618957891427,27.121572007664742,1
14.56728364182091,0.8712295830404161,-0.12087384467968926,0.011025883682164152,0.4842298213222376,-0.3123653663017928,-0.018322501928381085,27.340106549429553,1
14.577288644322161,0.7066649850187512,-0.09825100122566062,0.011335114778104461,0.8540770700811908,0.061519072014824955,-0.0353865184219552,26.707749771548333,1
14.587293646823412,1.359537251333268,-0.14156505341807835,0.1744794949006861,0.974087317210083,-0.339662170267209,0.0059656994772758765,27.3271416507171,1
14.597298649324662,1.1617028685646058,0.017337880122903996,-0.36683832320446075,0.5924663405026076,-0.19271968328291975,-0.027638500492969446,27.069462320644142,1
14.607303651825912,1.173801430665082,-0.1747015452153409,-0.13276534327870396,0.4986183928640903,-0.44467307863225064,-0.028471821967765647,26.751509238126932,1
14.617308654327163,0.6404357852316916,-0.26945727800969616,-0.3479421434535004,0.28655003648776806,-0.3971358667494361,-0.2889621569159918,26.63070645095842,1
14.627313656828413,0.9239483041923533,-0.7125089966024221,-0.25622139584301784,0.5733906563699784,-0.18193728733159745,0.03412826182497987,26.624423321857964,1
14.637318659329665,1.292992659288811,-0.6820667571622603,-0.0053925139642990805,0.6758040802929335,-0.13210479434486486,0.292886996171438,27.318535430087497,1
14.647323661830915,1.055803645241108,-0.5635452231320781,-0.11296282943911122,0.7503376749527785,0.05765752524904359,0.20039457135889854,27.21056467561779,1
14.657328664332166,1.147126338636388,-0.5697627298285789,-0.4050750885378278,1.0110480941553672,-0.2931277517030218,-0.2543943021254146,27.473942087220465,1
14.667333666833416,0.9148559663285464,-0.6814216855521849,-0.27868226876671004,0.6617812081660367,-0.2944343979664979,-0.06834468420422006,27.019828273889694,1
14.677338669334667,1.1867878819249147,-0.42352451097207244,-0.30670358446184787,0.7710206822235597,-0.33095258135918454,-0.28461816134685697,27.556496207244198,1
14.687343671835917,1.036262788378321,-0.34961949443212526,-0.29383327384540964,0.6399145602239106,-0.20294982742147405,-0.3117477336856564,26.8645874306756,1
14.697348674337167,0.8450417777394283,-0.8071294662685983,-0.05662795308880765,0.515362549120548,-0.4566860215099616,-0.4393002294830871,26.572060826572876,1
14.70735367683842,0.8647613189582918,-0.9758156788599941,-0.29011404062888557,0.8906752735071789,-0.31080169154021753,0.3915144317064033,27.523348664807965,1
14.71735867933967,0.7618482512493848,-0.534123923170301,-0.38506500561812596,0.6160309949296737,-0.9978862830284587,-0.23933408104190992,27.28231996543558,1
14.72736368184092,0.752054992048011,-0.5674877186635864,-0.19803414680907305,0.5208911133733235,-0.4022239887157873,-0.12657378700892252,26.965837017679277,1
14.73736868434217,0.7370096152048922,-0.5919999354374037,0.017539130958802402,0.49691072716749646,-0.4932618175707832,0.12998294972865804,27.235285425979125,1
14.74737368684342,0.4617602289718434,-1.0090162728594763,-0.17277052403291432,0.6080447097567079,-0.742694750695522,0.0033519905002661653,26.824731272042374,1
14.757378689344671,1.2976963266792587,-0.4943320583368591,-0.04762927666936445,0.7780126522593446,-0.18145774154969121,-0.07298476940338196,26.663409564015176,1
14.767383691845923,0.6104419638201541,-0.8286335077237533,-0.31062985833971957,0.7052420215486449,-0.769530244541502,-0.22064683959561132,26.698960372260213,1
14.777388694347174,0.34857406920969547,-0.6407797123917426,-0.020120301534975866,0.8065041015934927,-0.5901255420733684,-0.37158818504844293,27.008569728833276,1
14.787393696848424,0.6490109483126086,-0.6020809891116613,-0.10747920966723928,0.38470899877881587,-0.5380883734279007,-0.13108825716281555,27.317019129232705,1
14.797398699349674,0.8824931354494505,-0.8358688663765095,0.5599698752108444,0.21256799381357583,-0.5198588188555981,-0.06648094653146121,27.460536521943794,1
14.807403701850925,0.8317142537865695,-1.2540832225873895,0.02152473022655021,0.10822735908888187,-0.8933543412363455,-0.09724796549446361,27.787591674080673,1
14.817408704352175,0.5102218299881168,-1.1542878341878178,-0.09525004666394142,0.3494878839086738,-0.716876830246478,-0.014852406688513998,27.16189643230352,1
14.827413706853426,0.6384605221455439,-0.9205601171393946,0.12489595939857806,0.36550265548658284,-0.7241451891810133,-0.18095917630778802,27.402399020864905,1
14.837418709354678,0.5074635573944162,-1.1621239932653764,-0.15053578657792976,0.3949791363848984,-0.6817762807463863,-0.2727045032218446,27.02321228482825,1
14.847423711855928,0.6983036497718438,-1.0192909727878219,0.2471462633836088,0.4791805317567688,-0.4207759181711205,0.03819654168045578,26.67550467112078,1
14.857428714357178,0.1327785001269594,-0.8881659206205592,0.0742059517243235,0.2390201547990591,-1.0468521480103457,-0.34370996871378606,27.27239392734154,1
14.867433716858429,0.5326349336342094,-0.7777353152997346,0.38410192075700367,0.2945223655451325,-0.8812927957909986,0.20791042703231438,27.16957413719242,1
14.877438719359679,0.6760850574493609,-0.6709541540536197,0.00947783101342668,0.14993916747642203,-0.2635045697452737,0.1915498309391155,26.819938732624312,1
14.88744372186093,0.18963366265819867,-1.349411532706219,-0.18273161300717333,0.30373881417703924,-0.7540706189583127,-0.44963553615815377,26.708264808693897,1
14.89744872436218,0.41075240744524416,-0.76007803579187,-0.09148376816891228,0.10237576666424873,-0.5606433324883472,-0.301499882510236,26.739907963070234,1
14.907453726863432,0.29633619090073554,-1.0298816803131066,-0.09600981131022183,0.18371955348373156,-0.7228710322430476,-0.05096746176655896,26.871050153055645,1
14.917458729364682,0.1604776853713427,-0.8538688365552733,0.19397759681585855,0.38923014748267437,-0.7326054357100515,0.29504905216650124,26.810866442762045,1
14.927463731865933,0.3006387754693619,-0.8843002087559426,0.02626234636151417,0.23649537759005512,-0.8951569145925641,-0.2476975023385484,26.984525622835328,1
14.937468734367183,0.039923553943425984,-0.9612559847583898,-0.23878748345162748,0.24729777453183568,-0.7004025443842901,0.16735642234713213,27.292949310831865,1
14.947473736868433,-0.24447737873148312,-0.9533117932004299,-0.2150763022138637,0.006369578668662511,-0.5832688680345324,-0.2268527286717914,26.876647981334006,1
14.957478739369684,0.12718037727860668,-0.7826149752811966,0.05324629887481296,0.3371880034559285,-0.6251272808387265,-0.1065706746552472,26.981070734113697,1
14.967483741870936,0.11480113553504956,-0.35612751825763456,0.11888855290539754,0.10948505386777746,-0.6312669111900454,-0.24116311753982847,26.74517475908511,1
14.977488744372186,0.1000464251331927,-0.9912523018461152,-0.02514363932877435,0.0978822333779242,-1.0191762365258172,0.2527679386254921,27.01732624400017,1
14.987493746873437,0.16767944317843878,-0.8505319745766282,-0.3175439847094274,-0.26923074029052324,-0.8707887322901408,0.06384491523220524,27.633102795628915,1
14.997498749374687,-0.11566430106433953,-0.930145565784126,0.15884345047778287,0.013721218106265788,-0.9201984947579178,0.15040723171610718,26.97597510052527,1
15.007503751875937,0.03265805910746105,-1.2843011945611245,0.028748453602312266,0.06754850448662165,-0.6458272003921218,0.14869198089297986,27.26508736469129,1
15.017508754377188,-0.0881977862466245,-0.6651657225677531,-0.08535802223687525,0.02386139484650794,-1.1013597818440102,-0.08814791933060419,26.829191642372738,1
15.027513756878438,-0.17424286570060848,-0.7410641179805655,-0.12699191651761357,-0.3445090149658245,-0.4401667659625896,0.1422768908493446,27.512912408602656,1
15.03751875937969,0.12482253864882928,-0.8131691830409039,0.17781816130754563,-0.1705637843632803,-0.7148071627317273,0.2414712349549099,27.337228768410487,1
15.04752376188094,-0.36442717690600374,-0.5669399703969814,0.18808171353734873,-0.22316956694729598,-1.0927346552609976,-0.3310411655467547,27.192613527568067,1
15.057528764382191,-0.07862005451340315,-0.9515180555203158,-0.03907889576815606,-0.27501207423751944,-0.9596760579230724,-0.38881604276030973,26.673648735685916,1
15.067533766883441,-0.1956859864998567,-0.9568138416934485,0.37728737370092286,-0.5376528347093976,-0.7719503301839655,-0.5584186988437323,27.21606720507162,1
15.077538769384692,-0.13760521276469712,-0.8856461100250478,0.088692867814039,0.10873284192305657,-0.5298860013920668,-0.05881280334963258,27.220004402153453,1
15.087543771885942,0.002089692537920539,-1.1405014875737238,0.41960081747760275,-0.03470985561427984,-0.628885547560209,-0.048765249562463635,27.020701050221117,1
15.097548774387192,-0.4662553915888184,-1.094978358081658,0.08872515062290214,-0.4876635571419659,-0.9250986983894369,0.11636434108384647,27.22156981176062,1
15.107553776888444,-0.4483791958447327,-1.0686114601432635,0.15404386184555574,-0.4165846642282195,-0.5221332469884323,-0.3913947604900493,26.838850721283503,1
15.117558779389695,-0.6560662474649129,-0.9114086377736059,-0.007802249633937648,-0.5484112969681204,-0.8408124099286937,-0.35130739845007164,27.182943755962427,1
15.127563781890945,-0.31281646873445906,-0.6524067738703092,0.17408197250228985,0.10002122165902207,-0.7024764504228292,0.3533959257011064,27.467588405121028,1
15.137568784392196,-0.8571243277175176,-1.0093832783245313,0.3953196980211138,-0.026175466299594403,-0.7090888785430446,0.06232294833495688,27.259761776575303,1
15.147573786893446,-0.517858778040744,-0.6125348987602471,-0.24644344777522356,-0.49614222192364527,-0.5748434584247014,0.2563509375877885,26.799270971958688,1
15.157578789394696,-0.3123084618034959,-1.0158759763277916,-0.012358104274929588,-0.32010337072966893,-0.5225683239400525,0.16491357304768378,26.553323323178827,1
15.167583791895948,-0.6889913063811158,-0.7591099484464989,-0.18976993425405472,-0.6367050660720498,-0.8172624005628282,0.2429615249815023,26.90521081459419,1
15.177588794397199,-0.9724669433994025,-0.6841754023260554,-0.19364836435635008,-0.5572385725218995,-0.2169848766955296,0.23753084853655632,27.117051657864025,1
15.18759379689845,-0.4990387223429686,-0.776969665581114,0.41772395134755946,-0.23953821243084514,-0.5242478886348365,0.07303513653946272,26.978312202085654,1
15.1975987993997,-0.7806363929105701,-1.0623892265706338,0.0011807514411085115,-0.3230678480261781,-0.5296978428138426,0.08693618305092408,27.027012475160088,1
15.20760380190095,-0.6151842199527002,-0.45965594645832325,0.27253181998211673,-0.10504601455372696,-0.708025990644828,0.11001191538542382,26.769939142464626,1
15.2176088044022,-0.9895296085624622,-0.7561984180394506,-0.2609731785476119,-0.392775192289523,-0.7473938018372683,-0.0007654238307822951,27.052147057573453,1
15.22761380690345,-0.1948762230168026,-0.818727660032123,0.004699240134265212,-0.9992442687492565,-0.4406692954927662,-0.05086952205369909,27.271902970619145,1
15.237618809404703,-0.6377489159890167,-0.643230480870614,0.2976121463334219,-1.0642641114022833,-0.9319602751247461,0.024794675338427136,26.98940494212153,1
15.247623811905953,-0.8633475344490841,-0.39427382006708384,0.5418601510485502,-0.504130119522931,-0.6283508017534105,0.13848309578028797,27.13257267664926,1
15.257628814407203,-0.6895593266176661,-0.3549700977822314,0.3124569608976154,-0.3166026584084426,-0.6130746942649411,-0.13590830331474857,27.082338053284154,1
15.267633816908454,-0.7394702533848857,-0.9067896574574927,0.34528938253435576,-0.6254048849117221,-0.22922379052757308,0.16082996201423186,27.53460723381044,1
15.277638819409704,-0.8395698890097529,-0.3502878238923347,0.39742851633492987,-0.6521850789462459,-0.6499168146549961,0.18709031116648545,26.87585696441343,1
15.287643821910955,-0.7630225577423738,-0.3611271951275123,0.005716245430562544,-0.49211125152257873,-0.35100227232679915,0.2754398362801243,26.721685712314688,1
15.297648824412205,-0.7646344065830732,-0.6350868227214583,0.13187077866089444,-0.6393028334852241,-0.578649247625229,-0.029206761890829734,27.591757431914072,1
15.307653826913457,-0.5477728638270221,-0.3979019341322421,0.07160963930067023,-0.5161595054550873,-0.47421867209022445,0.24424076510700043,27.35286771202756,1
15.317658829414707,-1.0972184830927174,-0.7556780989776074,0.14905051966951627,-0.8337271596798592,-0.8526365107134922,0.0685897024962653,27.3967645388495,1
15.327663831915958,-1.02745368011956,-0.1925270349663273,0.2181855031905985,-1.2693917316706307,-0.2552694860083054,0.3409463873176751,26.993600285510674,1
15.337668834417208,-0.5340742312846842,-0.6075269155471196,-0.21246175369747472,-0.7074325089774304,-0.7494101019697087,0.10579476197489227,26.880422388325872,1
15.347673836918458,-1.0959148708947235,-0.21858022552834852,0.33309875638661796,-1.3014198527804914,-0.5413568324863902,0.8270929237990947,27.820788047815046,1
15.357678839419709,-0.7885741273842911,-0.36100218491178016,0.5825824193445711,-0.6721510719114979,-0.17940575167100578,0.18108869672753616,27.10803928538327,1
15.367683841920961,-0.8312675883805878,-0.36824608085813665,0.4228170793085803,-0.9295036508200449,-0.37319027898109364,0.2072802253425475,27.07845557901775,1
15.377688844422211,-0.9923607735979579,-0.30856921806625637,0.27611806534017447,-0.8551866832506104,-0.313557585923108,0.05199675741109967,27.33234698472504,1
15.387693846923462,-1.1271327444489658,-0.6050074210272218,0.3517313386255076,-0.809682334122531,-0.19349026334994682,0.22554992426703097,26.932727713335545,1
15.397698849424712,-0.9887292302039254,-0.15154147952962285,0.140131225655678,-1.026272890983632,0.12715314645594228,0.5742999528375451,26.683959289778016,1
15.407703851925962,-1.0265661930772094,-0.10084269633398314,0.16171085479013148,-0.8313321968529427,-0.4052934436218472,-0.16792984923561882,26.89710173231933,1
15.417708854427213,-1.1205300164899739,0.0425058519348786,0.3520241546503968,-1.1172357895720528,-0.3855334511426728,0.1246033078029622,27.160757082746592,1
15.427713856928463,-1.147373217425091,0.03284133926789486,0.28017791425290006,-0.8422964969130451,-0.3376511220105749,0.2611994767468019,26.7568027332904,1
15.437718859429715,-1.1688077230488338,-0.00416906467258437,0.11833321554873809,-0.9845927726277182,-0.30074295022405045,0.06008953850680324,27.173991651310082,1
15.447723861930966,-0.8535148604716192,-0.36234156329264555,0.24422376021999156,-0.9790010751496844,0.32121459252760587,0.12722113437064544,26.83235511247896,1
15.457728864432216,-0.8581208516269385,0.23435999185704484,0.14740763120768743,-0.8943433650863949,-0.3603451068955224,0.10525293082615704,26.91866709220596,1
15.467733866933466,-1.2935121476093596,-0.12173177447278537,0.4155285403009813,-0.8113402052771651,-0.5135871342425855,0.42234412901855906,26.77882149708241,1
15.477738869434717,-0.5401986537867636,0.024775483476766898,-0.16351130506927158,-0.8922719676800137,-0.15644155819122452,0.30371924184037075,27.480569637476993,1
15.487743871935967,-1.1577908378486679,-0.574784712729651,0.4672385653421506,-0.3709746885157762,-0.002760045183003555,0.28556713083373036,27.208109386503942,1
15.497748874437217,-0.8537300659954837,-0.21090524221387147,0.40595275229133954,-0.9754318310500486,0.06358191123568138,0.12162755379199414,26.98652413855367,1
15.50775387693847,-1.2654737843373332,-0.1990425269350585,0.4425640332557806,-0.83634223557285,0.2524342919673618,0.35329170708836766,27.58204698955052,1
15.51775887943972,-0.848740818263807,-0.06006159223707136,0.24044044691898908,-0.4727885022081859,0.08569733279000598,0.34582680940626404,27.625879230242425,1
15.52776388194097,-1.253725993610985,0.33202626363440263,-0.010690393744717775,-0.5004472288675544,-0.2520902850136173,0.2862500687858911,26.944420225520894,1
15.53776888444222,-1.1143052555108022,0.21273676204203168,0.27520083249098914,-0.9764779794044718,0.13179224592499791,0.47270612119856703,26.932395559886096,1
15.547773886943471,-0.9616479052744082,0.16948812810039515,0.03794589445701235,-1.0565113102222135,0.39416474759394354,0.019682807098444433,26.75040866757644,1
15.557778889444721,-0.8648170285827051,0.5236382202076791,0.29256219210926854,-0.8654699972365849,0.07289768091305704,0.5453664506991676,27.276580980385607,1
15.567783891945972,-0.7922538915618794,-0.014812689480958185,0.6878896559251749,-0.8554566393354092,0.2790354776412911,0.01209366622427164,27.165430961452664,1
15.577788894447224,-0.8247737544124885,0.18872675447285647,0.34467310601968887,-0.814106466875701,0.15780469736875255,0.33505193221752316,26.92110752579529,1
15.587793896948474,-0.8639488312727339,0.7410451404324448,0.128653307725658,-0.39694044076429763,0.3873082144035886,0.47285291911259025,26.790457872536056,1
15.597798899449725,-0.9689679108807551,0.48441158957497227,0.2658378733154437,-0.5901398577805538,0.07452768282451974,0.4611924070476764,26.37204659328265,1
15.607803901950975,-0.6410674085213022,0.4525077260037038,0.49361227708590705,-1.0699975471995082,0.29713141473631416,0.199051961461549,27.178000979889408,1
15.617808904452225,-0.8801110731393369,0.6160289202811593,0.23013957547376968,-0.8015222734939724,0.3750283215570224,0.10649012312043415,27.72349205753657,1
15.627813906953476,-0.8925599442986962,0.6844796752774637,0.28715058155118917,-0.9685555329694839,0.1398467235696224,0.2886551926457716,26.88884599302184,1
15.637818909454728,-0.9530832173060626,0.39070820254640937,0.4769366921759325,-0.4497288126397032,0.24278218235364518,0.23308362800672114,26.939109497055636,1
15.647823911955978,-0.8697185386612859,0.7139620927105014,0.42903362847180143,-0.9740122572366474,0.1723800463810961,0.2608080864471318,26.71961732622293,1
15.657828914457228,-0.6388779066155348,0.7132067360980784,0.4245840140131258,-0.7535054073001849,0.016567036836293864,0.15629710739454772,27.264523920228005,1
15.667833916958479,-0.7522295932779695,0.38196744161073154,0.3809897744381943,-0.822095290115238,0.4982146095571694,0.1383413053506818,26.619023073801735,1
15.67783891945973,-0.6093328028195816,0.4637507805738723,0.1510756507262808,-0.8304923311694948,0.823493982902109,0.45708279610741986,27.584198546071285,1
15.68784392196098,-0.7764764930371785,0.5350952601243557,0.7134914637658456,-0.3741646629528671,0.2749179741552027,0.32424117881038583,26.667761577411692,1
15.69784892446223,-0.5732320918748605,0.6102393780861094,0.2682138721675029,-0.8735432295064954,0.5150130426228204,0.04900325310971332,27.223053201100377,1
15.707853926963482,-0.9286755139618063,0.6812667950450756,0.21873584492846482,-0.5740965022780155,0.31384212391158145,0.2209648081101072,26.47747076628501,1
15.717858929464732,-0.5458100395144182,0.3777120717007296,0.21160239565607425,-0.6892078145641987,0.9059305717438113,0.1514339362949213,27.313133086920526,1
15.727863931965983,-1.0857150720037325,0.9458718298926334,0.43669439536779875,-0.5550641817706279,0.4674597768615629,0.5687042480410219,27.337324244991265,1
15.737868934467233,-0.49135268300059326,0.49064911637824304,0.2255942114142871,-0.3605769698227433,0.5736262922783877,0.4798629070505199,26.34106612150707,1
15.747873936968483,-0.6166522916808048,0.7910027374981843,0.17721394246838523,-0.5412811204224748,0.925440363738133,0.6780166797894188,26.449328856938738,1
15.757878939469734,-0.7242703954893888,0.6499052069391286,0.3736383655560492,-0.4523752085280678,0.36755290802835194,0.4763884041744285,26.6753525592516,1
15.767883941970984,-0.9016699863067854,0.8068457610974564,0.4135548382968973,-0.7297908128410489,0.6874633245596466,0.18745556422401097,27.251767543400636,1
15.777888944472236,-1.084828238655437,1.2303555350001065,0.550951462729339,-0.509805580216033,0.757166557340143,0.2674159374319075,26.823491530707965,1
15.787893946973487,-0.6167271807412296,0.627675422573316,0.22879342233817646,-0.5268801736163823,0.818253702295069,0.6023911552482998,27.151228149583183,1
15.797898949474737,-0.5620634962907982,1.0437534468458607,0.6884858041580341,-0.3621529748872479,0.5190340858052633,0.34127103666021785,27.27455164521559,1
15.807903951975987,-0.6151988508201865,0.8716798629924525,0.12555300566247002,-0.3873766963709309,0.6666793961183647,0.5748778273875002,27.156052926480083,1
15.817908954477238,-0.5431136630445426,0.7432750531294292,0.45783692820782684,-0.2614150827735759,0.4027553432005414,0.6047335729038575,26.90234597610152,1
15.827913956978488,-0.2520429910760064,1.1555868270641223,0.2013361125440346,-0.5558155883502239,0.5543719235099277,0.2995710492810606,27.061295965196496,1
15.83791895947974,-0.7253865185837943,0.9094434765462799,0.4852124653291436,-0.6216290889460518,0.032857273342814235,0.28641062141212703,27.094715826688958,1
15.84792396198099,-0.2257285082802501,0.699228766029841,0.16974172917417968,-0.12329099321581898,0.3327309266160844,0.3832982842044627,26.514713562412155,1
15.857928964482241,-0.34038449434769125,1.2799406715142845,0.5397589415029383,0.07404913190251554,0.5346806831107095,0.6569680145006871,27.037622603842753,1
15.867933966983491,-0.20343625419251693,0.7090752195224177,0.32058017020435803,-0.06215473199177287,1.1001533536482693,0.3189186416905324,26.44071904882306,1
15.877938969484742,0.07435974835545225,1.1536395520135116,0.7532915754190742,-0.5378619497317668,0.6361399083616723,0.34741956881883324,26.912693558074412,1
15.887943971985992,-0.4784131858889954,1.347886110569294,0.05186379068312989,-0.2546279147334451,0.9557565693661875,0.8429491436194431,27.373898943322484,1
15.897948974487242,-0.5485385196008782,0.6641090084738729,0.8744957218885465,-0.4365871052801436,0.7977242526506398,0.6031070178894914,26.736048208169706,1
15.907953976988495,-0.11880047224275589,0.9808052851433241,0.3660544970429802,-0.1451829306716123,0.8650547520374392,0.28545740750321885,26.878323792975696,1
15.917958979489745,-0.4134949708064342,0.7560673142097807,0.5733530255695364,0.03943178375064923,0.892310544395493,0.2457539981152572,26.835133681242123,1
15.927963981990995,-0.16858453236844095,0.7613167070214013,0.5696836346234279,-0.12479357602019203,0.9975708529927413,0.29675762802468575,27.01630208824256,1
15.937968984492246,-0.04257183336254885,1.311979665727561,0.7348703347541277,-0.15852227127738697,0.6737362500393602,0.646109917938945,26.154508714139347,1
15.947973986993496,-0.20554344861612459,0.9372466666284848,0.6406509364256691,-0.04283318176842661,0.7234022631126741,0.446745663340329,27.107845781932156,1
15.957978989494746,-0.05093697918207175,0.9433561885998615,0.7230571323929724,-0.4341760213659635,0.6310574405614654,0.20707899860448245,27.377628371928022,1
15.967983991995997,-0.0031937391763977464,1.0896563502139294,0.6058962170740365,-0.059156655922081317,1.028390133979186,0.3798276382181557,27.305049266703854,1
15.977988994497249,0.056928054004519744,0.8342319077492092,0.5150986205206068,0.02954206558663486,0.7023759366064374,0.464922541697023,27.595567960701405,1
15.9879939969985,-0.505715063123894,0.9199124785478073,0.6474083941051245,0.1690203270621332,1.0407262917631352,0.3533620154061592,27.316809111469713,1
15.99799899949975,-0.11088497890997118,1.10188777911788,0.6527398850120646,-0.08902851145550518,0.805368248399392,0.35069546484374675,26.544823841828368,1
16.008004002001,0.15879483330754202,1.2000581164678448,0.1290202824980168,-0.019128950016076188,0.38573356921604596,0.4837201507867243,27.022388402945055,1
16.01800900450225,-0.06959009704337941,0.9160052888674395,0.6148915521376106,-0.13357665056689802,0.9890064497130838,0.23041107830295957,27.097126520169446,1
16.028014007003502,-0.209044977027407,1.1616565278167468,0.7524697270072942,0.16158987962391122,1.0163062025653353,0.5105121589672638,27.151246365285083,1
16.03801900950475,0.21309568904271897,0.9687716250638885,0.395421328261681,0.2564741262969527,0.8406037116622199,0.48073186614921704,26.71257618610759,1
16.048024012006003,0.2848355207957468,1.2454351747997319,0.11902790607017144,0.2668060940091166,0.8783801104795196,0.35372076674826675,26.740383148486433,1
16.05802901450725,0.17755537442557803,0.9086537306151652,0.4411050141456086,0.12010186100629668,1.0951688818643648,0.4956377349582621,27.259607612715023,1
16.068034017008504,0.23096826455972175,1.09970678189723,0.6662465722000773,0.14798663691275113,0.8159966012303861,0.5677293278548974,27.17989309221751,1
16.078039019509756,0.4969075424073857,0.7483139797076128,0.3817253716279085,-0.16449374769851005,0.4510366967310444,0.509066368281337,26.80448875553453,1
16.088044022011005,0.24538172066440578,0.8525767710424095,0.389107056666276,-0.07334039568727285,0.8723981546816448,0.6490043380204213,26.892481655091593,1
16.098049024512257,-0.07264441140964002,0.9240543230597429,0.24427661070490653,0.6140035259382651,0.5600310308597769,-0.0526602307753829,27.2462901417939,1
16.108054027013505,0.3255439259016559,1.049051680628968,0.16017440694341167,0.7522456840650389,0.7392052056031279,0.6139749918136946,27.06184061388678,1
16.118059029514757,0.3612778021754187,0.9168735260323997,0.5149445654567227,0.03459364715903947,1.0887089774930772,0.32894985883638045,26.952504116221387,1
16.128064032016006,0.7651614475489368,1.0594979072868358,0.5950346187539726,0.3014440373601166,0.6087987987635819,0.5209739988307577,27.086180378736238,1
16.138069034517258,0.4127981226375438,0.8673222717512545,1.034981805072697,0.46572344108289054,0.6746452611197449,0.33887196399199787,26.899737900580064,1
16.14807403701851,0.25696199862817315,0.6733390776638067,0.2567534906874139,0.07535111270345062,0.38420758874450267,0.6264206247235099,27.25540263665194,1
16.15807903951976,0.4143619432964889,1.0620885461652316,0.5444802219662221,0.20047197140442863,0.9649159122889841,0.366433938209118,26.990203228877906,1
16.16808404202101,0.5176571193263179,0.7135006088770363,0.7442145517664772,0.14998882506021116,0.6265767497316438,0.5839953615557905,27.245992092704036,1
16.17808904452226,0.719308946538962,0.8068191504791019,0.4565463855354114,0.4528267732553934,0.4502406773955122,0.14880152541681668,27.222100026766945,1
16.18809404702351,0.5147716111541218,0.6368211729569309,0.6116377476253868,0.24771000447803143,0.6716940541629604,0.17250497481792845,26.878661313622768,1
16.19809904952476,0.31866670551299403,0.6433627508172147,0.49715555487813584,0.5077721376948531,0.7287142393307879,0.5838041057149322,26.932524138133395,1
16.208104052026012,0.5667352716221729,0.7077418383160734,0.8808054027896958,0.8038127603905334,0.7475173309959131,0.4416821936687564,27.199365724318255,1
16.218109054527265,0.7874218186326172,0.6766201822864444,0.6053247263808537,0.8297698872803944,0.4644359837629832,0.6062159063972069,26.89781877667687,1
16.228114057028513,0.6119251567698087,0.7613147316014732,0.016752915964483833,0.08030188524782679,0.4900307833444044,0.23643771915999592,27.357209885266503,1
16.238119059529765,0.7198995887421583,0.9691491500803596,0.6514657279057077,0.28836116122195427,0.30325778465467,0.0971420490752611,27.55857446344505,1
16.248124062031014,0.6600751521833739,0.8330203670923829,0.8638465436965926,0.4977676041369747,0.3817919619266189,0.3293765707536379,26.80254741775887,1
16.258129064532266,1.143670635331401,0.7187389664972407,0.6259369042622194,0.5322570205916998,0.6041013135274684,0.08713549170978484,26.65603495088776,1
16.268134067033515,0.6128229060250827,0.7392253114392033,0.393163532911943,0.659465276798072,0.6467953664027091,0.055598202287365735,26.84146470062988,1
16.278139069534767,0.5694432068253129,0.6756205184435006,0.41854324077339217,0.5916761748433506,0.6594017456394611,0.40373375738652784,27.267923230369707,1
16.28814407203602,0.5753286759311984,0.44903307668301984,-0.22552223619067518,0.7385984426933352,0.2685761442725929,0.5410243906348874,26.957524674211697,1
16.298149074537267,1.1585798790484376,0.6107599216990856,0.6256412876140586,0.7453947863602876,0.7335106103426653,0.007040405433198966,26.709979641036988,1
16.30815407703852,0.7673091996403927,0.8070501866499062,0.5513156268863795,0.4450928919019027,0.4769228466519386,0.37673074885440166,27.139350649564264,1
16.318159079539768,0.8262342137772544,0.7882060879562673,0.6484237432750756,0.8059469941362865,0.5543382843535154,0.49178705431719977,26.977144299014423,1
16.32816408204102,1.0445882113499698,0.6730650651936175,0.5721444181994381,0.5088909517817426,0.45455476687886276,0.43524362795949084,26.801493038710102,1
16.33816908454227,0.6457135867448328,0.47189299306515176,0.4911136919930852,0.6838582595948544,0.32822955563803674,0.317685333688095,27.05820630135174,1
16.34817408704352,1.339898864047033,0.3515932420044149,0.5799152342181821,0.8297537397193973,0.4733039742619462,0.4691408153191699,26.94769114907624,1
16.358179089544773,0.7576105440049924,0.49825480839752806,0.5522395529084853,0.6706209503963595,0.557183282791546,0.08939723507462942,27.313562274609676,1
16.36818409204602,1.1575261315015588,0.4656733478305339,0.5789797866006803,0.9312143451866742,0.2839401063789771,0.41733979685161093,27.122605428682622,1
16.378189094547274,0.33911411411589354,-0.06389263422087796,0.5419075020933823,0.5510222049778842,0.44072389705344095,0.10161362581697407,27.537534682084008,1
16.388194097048522,1.2794557901652457,0.19895795211067432,0.4012271350309873,0.32246408576600416,0.1493793155658143,-0.06571811655125305,26.270663650808512,1
16.398199099549775,1.1674029220226707,0.25922257380515973,0.2958119197537936,0.9152949025508359,0.16204673051835505,0.35528189569378543,26.662829662523134,1
16.408204102051027,0.832556630163891,0.5862156345851601,0.4024173700196817,0.8945580073929773,0.7575544541783331,0.29851086167612695,26.882172314274957,1
16.418209104552275,0.6668411227020496,0.41021568449877105,0.32891131965511367,0.4863704650357102,-0.028812479960512127,0.46798161693298024,26.93409388649285,1
16.428214107053527,1.2045730056958524,0.3801444124376867,0.39711838876040545,0.7323025197526932,-0.1370511839288957,0.3108686246154971,26.844987267171035,1
16.438219109554776,0.9380382123909776,0.11051810865644902,0.41500746348627887,0.5965646950527356,0.16762618608182595,0.5806717790491677,26.837374933485638,1
16.448224112056028,1.3484420420085261,0.11341993576190329,0.2164296767871195,0.8237817432807665,-0.20935056150397338,0.6202881609477762,27.200499968881847,1
16.458229114557277,0.7658180801671196,0.26257334560645973,0.25961209616897224,0.9667822301159703,0.2637802329299698,0.541951155312865,27.19355504894427,1
16.46823411705853,1.1634389839060797,0.10253188847449901,0.8115230192821183,0.6108989602062173,0.10581137209567802,0.11973469216025268,27.092602588216685,1
16.47823911955978,1.0908581089308544,0.07201409390270237,0.6831263296860809,0.9511074792798258,0.09297265217454748,0.6261319508422619,26.9025061667216,1
16.48824412206103,0.935972050685651,0.18110628063723463,0.7557252522221117,0.8325541756506479,0.11371763439002366,0.3523831229868298,26.803697438683468,1
16.49824912456228,1.1165189436931546,0.026841974379085146,0.34328148647128554,1.1630185350008588,0.33555439420521926,0.30481615465017803,27.131105286622027,1
16.50825412706353,0.8715900604202627,-0.08643618311152589,0.6621896421398145,1.1677415958805744,-0.06965225453619396,0.5507224152317569,26.986611713080066,1
16.518259129564782,0.9645238697653329,0.04861286174099933,0.6276634941731157,0.9158364326870645,0.2616026078229957,0.2554819302581521,26.736097855975608,1
16.52826413206603,1.1053168953212775,0.12932364876952526,0.29375290395764364,0.8010564735828724,0.24924098012471424,0.31189120482496446,26.579799043534035,1
16.538269134567283,0.8961873167845729,-0.17721701250273073,1.042633693659909,0.8154661410190956,-0.043972270002755956,-0.004734157028918089,27.238477805302182,1
16.548274137068535,1.3776926951781263,0.06938391346989496,0.4490680873892963,1.1246741543477556,-0.33420116347143536,0.4274743313299895,27.11635726302468,1
16.558279139569784,1.1484040918589928,0.154776470286085,0.19049975879380893,1.162913966195605,-0.007589354037579347,0.40865385992409137,26.72297123828358,1
16.568284142071036,0.5196342190606383,-0.28984279931027984,0.4393921576088589,0.6041225048389578,0.10243135526769834,0.48818376384375267,26.89449772714687,1
16.578289144572285,1.360488621596871,-0.551036602981905,0.5299101656211421,0.3141826800248631,-0.35311978831258123,0.29537236214076207,26.997275161771295,1
16.588294147073537,0.7847568393176859,-0.6250144542888145,-0.11604849764933474,0.9521979129534921,-0.07463088197530436,-0.2973344933235891,26.137267971711516,1
16.598299149574785,0.9290452659845245,-0.7985147102997739,0.5092216506498634,1.0534355733268175,-0.49127826341108227,0.7228353957233552,27.19782053695455,1
16.608304152076037,1.003446103627762,-0.31783397646278394,0.4710794608539336,0.7450863127966657,-0.24634430066507865,0.09221940004416466,26.90790178623498,1
16.61830915457729,1.047571766886783,-0.6586532302854166,0.4022179060366742,1.004341281834134,0.0796477651915801,-0.12353727358531058,26.547134513259014,1
16.628314157078538,0.9651771809870278,0.037700102637614516,0.2960625498316525,0.7856591332833442,-0.30901987418050064,0.21212701903571285,27.370337093629406,1
16.63831915957979,0.9918569185228953,-0.2917078532460161,0.6222503521580158,0.6546865400448577,-0.48598726933401404,0.3590321662762311,27.738904106632507,1
16.64832416208104,0.8326525704913611,-0.8348786356115693,0.6665429565500823,0.21262438713369225,-0.355273761520352,0.752728261769856,26.743113562901915,1
16.65832916458229,0.6456378800474665,-0.38182205440552375,0.5918101246020298,0.7108026125720128,-0.48052041901451636,0.3956703072323964,27.056543697326845,1
16.66833416708354,0.9646438536921716,-0.5265578533943405,0.15104088693151949,0.7000737404350419,-0.23225238115308267,0.3893679606396329,27.22388327808312,1
16.678339169584792,1.0279644453971524,-0.9514212036434404,0.7342787478106891,0.7241282932388585,-0.8155457058238341,0.235056723180799,26.712325772998202,1
16.688344172086044,0.6832972531805833,-0.7112752436492266,0.564755222455505,0.8893737237755486,-0.5699778090696603,0.4056400424381478,27.235119419025864,1
16.698349174587293,0.5321904821547132,-0.4726975176892913,0.38123017064801007,0.48369724073532583,-0.6701546753812976,0.419956027511311,27.021931276314223,1
16.708354177088545,0.6127780832424493,-0.8372238630230945,0.17312545055614728,0.9534366131034384,-0.45964859465013413,0.516160660533291,27.23809178829903,1
16.718359179589793,0.5986420146331154,-0.48092340056591304,0.534316094335161,0.5298425477215275,-0.6752401937288115,-0.14847118296822576,26.84713004913905,1
16.728364182091045,0.18331471766211427,-0.5323600875782323,0.7285209066436463,0.6897222577671535,-0.5154274792806586,0.05106755346922863,27.184807712624302,1
16.738369184592294,0.7895077219743937,-0.4918396704630529,0.5973481095276197,0.4752037541432436,-0.5149794133945119,0.39997335357131053,26.74199925746331,1
16.748374187093546,0.6952686191183725,-0.7908877389958026,0.5522232885855402,0.8459718262220838,-0.26044524065259567,0.32002548841618006,26.97352193095949,1
16.758379189594798,0.6462398708062318,-0.7698004167347897,0.5198961925674767,0.30692922838161224,-0.6070640514708919,0.4722177482001753,26.975478997190553,1
16.768384192096047,0.5834386633957025,-0.6022313565302191,0.11083227861007941,0.28981910975856023,-0.3600706681899115,-0.14457684836316648,26.908840971155662,1
16.7783891945973,0.597469464699091,-0.7216964415753712,0.6875154896692476,0.6026690957953529,-0.7667762547217242,0.5174589782691379,26.81800081777483,1
16.788394197098548,0.7943819284047641,-1.1447346648662755,0.2834587616291155,0.5452902430056978,-0.23908160227911876,0.4778243880192513,26.958850526737766,1
16.7983991995998,0.7502354124141393,-1.080693557799565,0.07300920360232996,0.4230445253349744,-0.7065238736871643,0.5948329790473049,26.646468986120798,1
16.808404202101052,0.48414656356045327,-0.8081486156630987,0.528811448075779,0.46234023379432215,-0.7886093405452742,0.510081417403562,26.81304590540758,1
16.8184092046023,0.8550559543242958,-0.463482155876817,0.08085351396868534,0.23033027663696995,-0.6091879529174336,0.7186493568965531,26.99806152177629,1
16.828414207103553,0.9058766026961268,-0.9503458818866459,0.3293951355393265,0.45204893318718364,-0.6734290672445099,0.05681371859087466,26.868115154094898,1
16.8384192096048,0.5270534790543896,-1.1190646471094758,0.34520548237511833,0.568125214256927,-0.8109127180715002,0.5134599166973176,27.138013617265067,1
16.848424212106053,0.8534620337708738,-0.6646646526669743,0.570582877212343,0.4938508387627551,-0.8676118210177813,0.7394389327367916,26.75175697462145,1
16.858429214607302,0.22201481633923242,-0.8731038844018433,0.4937099573381749,0.18410113524788038,-0.7616439946274602,0.25776688516419055,26.90902176669999,1
16.868434217108554,0.2074820384112059,-0.8750931925565048,0.0384027911691295,0.2033544783059288,-0.7066454792140123,0.5627823999075846,27.354548488182612,1
16.878439219609806,0.2727345778452452,-0.9117046400128471,0.22908172150648878,0.2894356293187132,-0.6040337085602219,0.5005183362829263,27.12031749230809,1
16.888444222111055,0.19661896848717544,-1.0238656573415295,0.2746318929961354,0.3840476317808629,-0.5189160493921416,0.09337101218645792,27.077843646925942,1
16.898449224612307,0.316550471034184,-0.7131148051393814,0.4683233004258252,0.41864934022117745,-0.8948044251665379,0.3890878214864213,27.045604733351333,1
16.908454227113555,0.19542080969397987,-1.0363890396407207,0.2365401692792417,0.637921193981522,-0.705986100805335,0.28408520736824383,27.236549684205308,1
16.918459229614808,0.2598843028275326,-0.7429135155946053,0.25157654617985914,0.13069810258150036,-0.5988927674723445,0.02281133059579923,26.945123010476223,1
16.928464232116056,-0.02524842483605217,-0.8823151529597938,0.2712240735155345,0.416068887109681,-0.6483794364281945,0.43911683333935053,26.72630234578009,1
16.93846923461731,0.09994601237348173,-0.6181659150750327,0.48489013751399773,0.1772915395646459,-0.6334825998911784,0.14616978078947895,27.04256341278855,1
16.94847423711856,-0.06942001490141488,-0.8452340408124546,0.3254964468506575,0.2935205607948801,-0.9536578184332332,0.3221555452537897,27.502123126195027,1
16.95847923961981,0.42396714902521054,-1.2279760410294622,0.5651613838440721,0.32896032822225274,-0.7835629259027227,0.23301203516644217,27.309761669490335,1
16.96848424212106,-0.07856194818434062,-0.9854752402798224,0.12666865278546321,0.21235347225501236,-0.5392420191642217,-0.06224416460796813,27.11373708992077,1
16.97848924462231,-0.038993580733506554,-0.8499039909027927,0.11700776528142463,0.3386743772601169,-1.2010681858460335,0.29472815354381,26.83485352191971,1
16.988494247123562,-0.316929695132954,-1.1889305351058008,0.036630949645292676,0.05758377361067071,-0.6660833149995289,0.2251620975817828,26.936901668140354,1
16.99849924962481,-0.18834573441596844,-0.7857813488374688,0.5510224156245657,0.050288148870651465,-1.1612994540335664,0.392999016521012,27.501028170174926,1
17.008504252126063,0.11936513586902153,-0.9909964624181964,0.041568511118567485,-0.08521298843785684,-0.5466460077951321,0.4576460911273815,27.01988242120327,1
17.018509254627315,0.09827152197703022,-0.9946346633455648,0.4449972099594529,-0.0668899667790418,-0.49179153799177366,0.12370714395249596,26.756285593592988,1
17.028514257128563,0.09916102471193226,-0.8617039565170787,0.4439391437499519,0.1963008300477183,-0.5083184012744534,0.2509375338902763,26.684243083500785,1
17.038519259629815,-0.5391700642208614,-0.9794819227290507,0.23844151099763577,-0.15850823443296078,-0.8056948240707835,0.16636621073672608,26.918848408771147,1
17.048524262131064,0.2037694347498335,-1.105375165131806,0.25933832083171116,-0.2186130604727983,-0.5498084115428102,0.08045910473629193,27.04555426489247,1
17.058529264632316,-0.32040520580438886,-0.9988113136847646,0.4160231909050296,-0.703039691765956,-0.933139468557859,0.09251196189037157,27.152379800988605,1
17.068534267133565,-0.3465160357128456,-0.8760510946315095,-0.0317196668068001,-0.05528214649292676,-0.781718300693072,0.40031876809616607,27.109843957789703,1
17.078539269634817,-0.34577225337482237,-0.9375823062872539,0.40020455468893806,-0.4983856145921106,-0.8478860726551625,0.03155668156551321,26.839096191913043,1
17.08854427213607,-0.38522712594385267,-0.6809481264150614,0.08920621830063108,-0.2045397678602703,-0.4872974357256839,0.5294394330667189,27.42900911667641,1
17.098549274637318,-0.26317869100625924,-0.573234471688583,0.4954206655704965,-0.4539837013856786,-0.6612036617981896,0.16005918270506111,27.17738687678804,1
17.10855427713857,-0.1997172891529069,-0.5784239633557524,0.13254877176630703,-0.49709853200646975,-0.5541755899256989,-0.0542058722863289,27.014615003818143,1
17.11855927963982,-0.134404629287156,-0.9072481358110119,0.20949088137236263,-0.8050645308635926,-0.5731795483283819,0.018890143342918206,27.314063709696985,1
17.12856428214107,-0.39304603689601264,-0.869317165653817,0.03525883293931608,-0.5480728656364654,-0.5302321431304532,0.5003903747120085,26.893737071500365,1
17.13856928464232,-0.43777801033808894,-0.7130323129135572,0.440188005805216,-0.5368599631770804,-0.6855498907638609,-0.09140419414565606,26.87809294458887,1
17.14857428714357,-0.4835230067458632,-0.5876490659684085,-0.03430368183434862,-0.1893933165271877,-0.723853998656078,0.03393510271099698,27.08309829933573,1
17.158579289644823,-0.13777912422766342,-1.0837637883652782,0.41290078697111815,-0.0917153411329844,-0.8512227116513589,0.3075328825569376,27.051211644826353,1
17.168584292146072,-0.6856896211751312,-0.9604143498781544,0.06682237358662249,0.14017000326109794,-0.6558782324413791,-0.23749804497376523,27.05231027633049,1
17.178589294647324,-0.2793802555547146,-0.8776060800271588,0.4972334584315956,-0.6748916122664399,-0.6488906761784549,0.3124035851307756,26.942854290658467,1
17.188594297148573,-0.6131002910945091,-0.6429146044733266,-0.13479150148164507,-0.30987814896298077,-0.6136865969917367,0.10748680800377489,26.955543212878908,1
17.198599299649825,-0.3062676335843171,-0.6192872805020152,0.33663316843068214,-0.3969635212434606,-0.5235190674631099,-0.1356437629584234,26.386938493831128,1
17.208604302151073,-0.7156069811145142,-0.9591544192587714,0.23435075289140814,-0.6798141897623775,-0.782941438684085,0.17249709013325812,27.304992962194763,1
17.218609304652325,-0.8094565191452633,-0.7681404012078753,0.20440085764729712,-0.2796141876588602,-0.6609920393530678,0.0978836090939853,26.799193171124912,1
17.228614307153578,-0.8453189716555717,-0.9319011966587637,0.017894118141867834,-0.4649597101196883,-0.4995076882324924,-0.021722995902676963,27.455705871759296,1
17.238619309654826,-0.6787205391523532,-0.7977921966376788,0.3556874814293079,-0.40313012132303633,-0.465239841639435,0.45405480978351703,27.019146367510093,1
17.24862431215608,-0.9655391696628605,-0.6581316689533704,0.4260135521307856,-0.1447971905579446,-0.48505508821869925,-0.2573819096915339,26.562848190473712,1
17.258629314657327,-0.7582649360870077,-0.46547909011798416,0.33113003876992075,-0.3754732210359434,-0.817810246159233,-0.13840933642811343,27.44307660666441,1
17.26863431715858,-0.8596280393578882,-0.9690321501448304,0.2755963115154677,-0.637874272115567,-1.1170379241977006,0.1861181332445824,26.87618421624157,1
17.27863931965983,-1.1117918461421272,-0.657197821050038,0.3555817053487239,-0.2298237925815024,-0.6510004015428665,0.1939871265747707,26.559889814568386,1
17.28864432216108,-0.7842204257799319,-0.6633775074323692,0.23082223921517306,-0.7927875023682954,-0.49049123943217016,0.051299053867541765,27.53539068208493,1
17.298649324662332,-0.7253467196891841,-0.35928231746836337,0.09457563650228656,-0.6599204825393369,-0.2817008017113418,0.16237600798113574,27.09898763635213,1
17.30865432716358,-0.9766363670484844,-0.6608746689634556,0.35788505488203576,-0.3795778068072708,-0.6537368478046685,0.13660945507832098,27.173161695758385,1
17.318659329664833,-0.6974301146848599,-0.33525587629218007,0.2988262265833546,-0.8613059755130172,-0.1878398388658145,0.09483586355263855,27.040928075420183,1
17.32866433216608,-1.0850312538842009,-0.5283340232504969,0.10976613024224172,-0.7294111276607048,-0.4372129578565134,0.10394231032085102,27.10560347732726,1
17.338669334667333,-0.9179199838061002,-0.7749819308504917,-0.07485235267579898,-0.804474228529241,-0.13202235487994313,0.4951948000222911,26.954824935487522,1
17.348674337168585,-0.9960341497963879,-0.9070987615129891,0.07459072503389255,-0.6674696379910021,-0.6039181849556707,-0.04956295368923743,27.443211768189258,1
17.358679339669834,-0.6995592605356529,-0.6210632042505042,0.11529681951898256,-0.648043632360449,-0.6895175009954131,-0.14780655709790852,26.857512988643588,1
17.368684342171086,-1.0795095369889713,-0.6900194180219354,-0.07161426271347979,-0.6031848468236496,-0.2469640709698696,0.34509959341970514,26.55352253615309,1
17.378689344672335,-0.8896566605619239,0.12029341497163235,0.5087845695903092,-0.6329470278263436,-0.12219043641912036,-0.44866786375178036,26.563357957314807,1
17.388694347173587,-0.6420823878776639,-0.6218884910006538,0.25841481300508395,-0.8302203999601693,-0.12570521332590737,0.03530561475587288,27.142002355015542,1
17.398699349674835,-0.9936795537733001,-0.3535238010108678,-0.02094362106895285,-0.6432855322236489,-0.531135712811926,-0.020091809472723904,27.047950605572428,1
17.408704352176088,-0.6148065204174347,-0.2256131192168578,0.08174739809087929,-0.8907925912085206,0.03950339827334878,0.2096845873972419,26.566884489121485,1
17.41870935467734,-1.0626889525732637,-0.2385503895993183,0.10771276013837183,-0.8954093282456,-0.3662853630732163,-0.12017050372955287,27.164900944046416,1
17.42871435717859,-0.9587431923224353,-0.17771077913224517,0.3682955385858945,-0.5087605254478161,-0.09416443942025213,0.262544941823418,27.057915240887436,1
17.43871935967984,-1.2833359854222226,-0.08074272510112164,0.1182630517046182,-0.5756209350025984,-0.19698786379601763,0.23864706115263848,27.190488862083765,1
17.44872436218109,-0.9927190621232923,-0.14348500110534673,-0.30588722773600435,-0.7409369483670991,-0.1597982847091431,-0.1474566625081563,26.90795047668342,1
17.45872936468234,-0.9901844841872985,-0.1664322798098347,-0.2510994887024075,-1.0197668235662876,0.00032686801075716763,0.12446600710196151,27.071567421191865,1
17.46873436718359,-0.9832233101793512,-0.04792870176408867,0.015184130850569553,-0.5815503619929705,0.2365782454261312,0.19733719483230253,26.73430428067402,1
17.478739369684842,-0.9464015221304326,-0.23213181085947865,0.18655657444874382,-0.826372352094755,-0.21349952534082162,-0.015521793563593698,27.193120200357633,1
17.488744372186094,-1.1710052571592033,-0.2041513541609404,-0.06523386111260719,-0.6683093647447389,-0.11201344215804414,0.02634605066651608,26.89556779643961,1
17.498749374687343,-1.0444572483954804,-0.17120808857432926,0.0023793969324662117,-0.9807024630140637,-0.1704874062776425,-0.09690890573375216,27.137282922582113,1
17.508754377188595,-1.2736797590263702,0.2674064517210488,-0.031461539907786176,-0.35629592995060577,-0.10207652127665975,0.18589851405622648,27.326318025401655,1
17.518759379689843,-0.9308861614814161,0.00692363418252025,0.2803660546800228,-0.8808782523791682,0.08469377716309098,-0.12302095028575863,27.253584091382056,1
17.528764382191095,-1.1748680547615027,-0.30464625895388375,0.2542545881797599,-0.6959495135544517,0.083356429391431,0.19459587468646367,27.419729243779024,1
17.538769384692344,-0.8690436427407692,0.021342430163182807,0.21875466587250356,-0.9534482497390089,0.07805850703297398,0.35939594153294224,27.00810316629057,1
17.548774387193596,-1.2704679885578045,0.29366852263777704,0.39758180866614684,-0.7815236459265765,0.22029382408332407,0.40979453539489585,27.295288933559114,1
17.55877938969485,-1.2608789584842794,0.4260235931455182,-0.23797052029683466,-0.8773895219131069,0.45072532051792585,0.10037264006502204,26.71162455376468,1
17.568784392196097,-1.379238448119695,0.5168258422749556,-0.28181987324384006,-0.5350292770570579,0.5793031459348613,0.10119535353663131,27.1882195456864,1
17.57878939469735,-0.9256438937967174,0.10821532920906858,-0.21494342653542442,-0.5774590579222425,0.21777377840831286,0.025490328585039322,27.081363442583992,1
17.588794397198598,-0.8664150989718163,0.6222744509405728,-0.043772424796307864,-0.6812181343126726,0.18236556677763624,-0.10237261792537795,27.273780694208924,1
17.59879939969985,-0.7723718801847403,0.09682206920530154,0.059562142405744346,-0.8294605549136111,0.13215761152495314,-0.18688015243372844,27.406030518872324,1
17.6088044022011,-1.3884363348966733,0.0986915551646431,0.20735458179442542,-0.9473859138355166,0.11502142179951695,-0.018046901983904566,26.425109770200688,1
17.61880940470235,-0.9384249297424075,0.5543088055303896,0.04404440080467407,-0.930104478838841,0.4523319362099424,0.1937292075986208,27.444297721235248,1
17.628814407203603,-0.8439186372297113,0.3923822034404164,-0.18282985630310444,-0.6760281828226455,0.3956161689462043,-0.2916566608183411,26.5858286947659,1
17.63881940970485,-0.9526743418149713,0.3288161966094619,-0.05880223116139597,-0.661970610273651,0.47422344896798985,0.14804163313170843,26.95240769218707,1
17.648824412206103,-1.047518921997243,0.34669129551911193,-0.022911726354461058,-0.9447773254613637,0.2740612928388688,-0.15973178308058672,26.88368494005253,1
17.658829414707352,-0.943283799611665,0.448022251288424,-0.06941598711891775,-0.6407112227126388,0.3134015348455698,-0.0673890136161512,26.955335161193734,1
17.668834417208604,-0.8784535819931227,0.681701436235705,0.28682840221962724,-1.0865529650679153,0.08675923924026555,-0.4274457559126655,26.890864641117037,1
17.678839419709856,-1.0006486447246101,0.7385431522156415,-0.0033620964683566297,-0.714596853036953,0.22557840508792984,0.010359012330432262,26.976280494153787,1
17.688844422211105,-0.9204225875062135,0.5704159709197675,-0.6242620248722829,-0.832187698724908,0.4850734249139214,-0.043819505642999225,27.43410138527552,1
17.698849424712357,-0.5580108726284786,0.6508027489913362,-0.09481849006640658,-0.22213693784900557,0.526532817455113,-0.06112893245336287,26.986587372972124,1
17.708854427213605,-0.9711979159359155,0.7129162450548312,-0.25788137192599203,-0.718374573610046,0.4843637273559959,-0.05545607282354483,26.657255430564472,1
17.718859429714858,-0.6749161273230599,0.6662836054560943,-0.12544668460670927,-0.47556529023612565,0.5673131005373722,-0.1354875364700948,27.141324121229065,1
17.728864432216106,-0.7357420298605983,0.6535240543607779,-0.13548836154522284,-0.5540469543218464,0.2884359816737102,-0.1680105334354059,26.915561976033512,1
17.73886943471736,-0.733057032505832,0.48881067441437626,-0.2683024143769029,-0.5036110739377293,0.30721188720675474,-0.22320483660054302,27.581839064871037,1
17.74887443721861,-0.5519216205250506,0.6903461091042884,0.023069811778639107,-0.6716095201290485,0.3004213615359055,-0.09877898512932952,26.753115412241293,1
17.75887943971986,-0.978847086276655,0.7358693162152637,-0.23722826681780296,-0.40629527994861137,0.7404613426086961,-0.0038253119416723175,26.968568396495538,1
17.76888444222111,-0.7652915841932362,0.6175291454162989,-0.17927467045498255,-0.30818836736722505,0.20193276923151557,-0.027822254309875023,27.044346627090974,1
17.77888944472236,-1.1456873915966188,0.8181840959107963,-0.16700471136861,-0.5197410465266943,1.0550949608066615,-0.3946670791993282,26.929189742953188,1
17.788894447223612,-0.4020370706029986,0.686459214852455,-0.23504835004808114,-0.477184232898044,0.4808321817590586,-0.05055945026016852,26.946929972852747,1
17.79889944972486,-0.7050454630180099,0.9050355410355001,-0.10428763941735517,-0.4601822474774872,0.13192019492864213,0.21116531256795373,26.907813048397585,1
17.808904452226113,-0.5611906479393001,0.9566762893746655,-0.10259201708932299,-0.24835086783836055,0.5304350143171033,-0.30918323253443536,27.21974295877143,1
17.818909454727365,-0.6407838275685509,1.0238691545448866,0.137435997306825,-0.042033468091628105,0.6556419804854718,-0.25758632658084346,26.98545124153535,1
17.828914457228613,-0.25895996357296597,0.898031379803315,-0.31015707405362086,-0.616782456061676,1.1069288753289541,-0.3264730432791283,26.646496162557945,1
17.838919459729865,-0.7047310705213355,1.2053160408763337,-0.6937010388246375,-0.4509061756751984,0.6369173181192075,-0.082647517616094,26.74416964122902,1
17.848924462231114,-0.44835407096830887,0.5819144001422689,-0.1193403949384253,-0.28092625479513944,0.5104725911944568,0.06402796784367379,27.23862981204223,1
17.858929464732366,-0.4227153099818608,0.9046827915996101,-0.2143580635325668,-0.36623532352191557,0.8863606958318221,-0.1896823601258809,26.981245869546836,1
17.868934467233615,-0.19134324452006776,1.4144413391342001,-0.18211575960436688,-0.3617903916943859,0.9953003436005362,-0.2268112958170923,27.372281756215443,1
17.878939469734867,-0.20341310637591825,0.9771011999190592,-0.005566733406086233,-0.034372560995809244,0.5871276373421539,-0.30320892882748746,27.15977894628422,1
17.88894447223612,-0.4495099460483422,0.9991495001811903,-0.30702455991282385,-0.20218244655255688,0.5929116497018313,-0.38231378352816175,26.45749738379273,1
17.898949474737368,-0.33944677104318116,1.0177380839621977,-0.10913250645164904,-0.2535483688647056,0.8519327032178288,0.04734703116069983,27.222898623281747,1
17.90895447723862,0.024793939478616786,1.1835906923580535,-0.08679119528230024,-0.4672771756870235,0.8193536310388112,-0.22299430343061608,27.196951824952567,1
17.91895947973987,-0.513050383725079,0.9217269634576871,-0.13894425275314337,-0.48245656973819134,0.8342075423119998,-0.3512647004346812,26.610377494016852,1
17.92896448224112,0.12462272004961159,1.065318582702544,-0.29532514430076806,0.1739414555824439,0.5581919849878889,-0.5637655382607134,26.925942632246745,1
17.93896948474237,-0.5015349864048728,1.1524817255668638,-0.004663966717026602,-0.17553315136091918,1.237981939125027,-0.1570003898443737,27.090579190500907,1
17.94897448724362,-0.2606596834284305,1.1929178957530593,-0.32359222408759547,-0.2285201524623364,1.0726266138408427,-0.32789052673061614,27.79938434760043,1
17.958979489744873,0.24649694933258012,0.8701941121414092,-0.22513789469249,-0.08548000665283656,0.4343214728657704,0.056271099643274695,27.508252727457318,1
17.968984492246122,-0.23491031182048977,0.9335951305148044,-0.400668848178626,0.09186948375256776,0.5246148584759339,-0.13813993089555077,27.560169386154243,1
17.978989494747374,-0.3809616660331794,0.8523658097512697,-0.49526126779245117,0.13789999168419276,0.8744515029705155,-0.31190667023836055,27.24293378176843,1
17.988994497248623,-0.30568799445377537,0.9136763894782581,-0.23630114645826236,-0.43059770003721914,0.9289439842376755,-0.05831630299499363,27.9214010104818,1
17.998999499749875,-0.43722125847191423,0.9195462892437057,-0.39849736881481496,0.20670077095294737,1.0834092839308525,-0.008282832064179013,26.803619093721302,1
18.009004502251123,-0.0148072560017895,1.0062887181896092,-0.5035705813733119,0.14818627693435696,1.0729497563483894,-0.29865512872884736,26.960272324517,1
18.019009504752376,0.07412373557960016,0.999731564546758,-0.548996213092359,-0.16131778197040506,0.7019395789244676,-0.2002001326849421,27.024988391264042,1
18.029014507253628,0.1543480734741149,0.9838616684119861,-0.1570976577999806,0.025465400909073843,1.0808620415217107,-0.13773458633216987,27.575354400482,1
18.039019509754876,0.09549120189008084,0.9415342900569843,-0.6277076705899232,-0.18459216108145718,0.553349889652682,-0.640094101662951,27.36670357694039,1
18.04902451225613,0.07648302576605746,0.9556625730852636,-0.3251052952889405,0.36851925961635695,0.7295664077391062,-0.5408961267721205,27.067894785869544,1
18.059029514757377,0.2829325648901174,0.8663635823636704,-0.495754374842953,-0.088856753969783,0.6037606659287302,-0.0849344485085559,27.056532024126227,1
18.06903451725863,-0.08717497826885912,1.1303787812289914,-0.7232794049968474,0.2539857291915403,0.9502968116354806,-0.23202060731996652,27.36582932488643,1
18.079039519759878,0.11014134573203493,1.157438925625365,-0.32062804807595996,-0.020591664341570073,0.5767792505889513,-0.16800632579954966,27.24685262196491,1
18.08904452226113,0.3196755595425336,1.2096397546470374,-0.028542678543966984,0.11748851725484698,0.8212799739413021,-0.21298925324813206,27.136513528272665,1
18.099049524762382,0.6717408575439368,1.0555809402112268,-0.3777128066443783,0.3849042416654282,0.7956084332498629,-0.13023758159610005,27.508654745774958,1
18.10905452726363,-0.0720362264033358,0.9338482410142674,-0.27328438157606616,0.3804133424121412,0.688774847321101,-0.4940182575654825,27.25079097728168,1
18.119059529764883,0.5648401608948527,0.853078297622108,-0.48302612137904943,0.27382687970459185,0.5057950119814784,-0.2507887151530765,26.68845019871573,1
18.12906453226613,0.4012820468729336,0.8220708235995415,-0.5820347973129764,0.39411652311190376,0.8378615620261266,0.04890567097115829,27.014131409327796,1
18.139069534767383,0.9073547358039263,0.9875860864093877,-0.4529311779201541,0.01822344353034416,0.6188635719683117,-0.5094034658382359,26.765532042232625,1
18.149074537268636,0.35344496310452755,0.6793349329146925,-0.08321584088310385,0.38744176176903616,0.6380272936310991,-0.45348931048986935,27.03450766990284,1
18.159079539769884,0.6820733130387491,0.8715830123107706,-0.3049309294807419,0.06497112595238566,0.5886378676747196,-0.14477395819062533,26.93559163578395,1
18.169084542271136,0.25528822416591423,0.3367025584357008,-0.35970858785631005,0.09265552318614459,0.4806632489517824,-0.15246939839385357,27.015407627640805,1
18.179089544772385,0.37017917132203165,1.0342839130459462,0.17115739705030344,0.4787228880193324,0.9719674366613776,-0.30058687514082844,27.86719289711974,1
18.189094547273637,0.7001197370988271,0.6290542207474543,-0.2359526400740818,0.4074616521639604,0.770802598421999,-0.4291733305397501,27.311928686881433,1
18.199099549774886,0.5176369458465327,1.0953480820113537,-0.4072959134484582,0.48228033980905344,0.7101644866111506,-0.09711629605411444,26.598500811953862,1
18.209104552276138,0.917603309785224,0.8495366866752202,-0.5013188623939047,0.4117154122194342,0.4345166236229596,-0.49858579084153387,27.356785036031894,1
18.21910955477739,0.9020786640508887,0.8226719773927279,-0.19326175243429927,0.6233622786815997,0.49651595429100503,-0.24983988143369268,26.94372035361695,1
18.22911455727864,0.757487266046118,1.0122346939642246,-0.17144130413668052,0.4126880540997295,0.18470649080327117,-0.10794614485221123,27.348894264117554,1
18.23911955977989,0.5592610659700162,0.5863939877396772,-0.4225428979610055,0.2372757946396965,0.6072428684279709,-0.13178091178659537,27.216107249518053,1
18.24912456228114,0.7704529826010827,0.7396200714831868,-0.11201106058435027,0.8111721896037668,0.5023848959790831,-0.09130264169746212,26.975266212255253,1
18.25912956478239,0.8633961643327346,1.0071397211345798,-0.7915613183282519,0.9219533727728738,0.6994898521734352,-0.3583032093237596,26.322184122628745,1
18.26913456728364,0.7888773170809651,0.7327991888499246,-0.0943853170222882,0.573298695291588,0.9356481390593785,-0.5190575852529773,27.375919118078674,1
18.279139569784892,0.5631528904064543,0.08963448492230242,-0.3174990897773802,0.5818289592647353,0.6521121273854691,-0.675602011138893,26.999678659938777,1
18.289144572286144,0.4844760303123953,0.5002506681631909,-0.27179276922451295,0.8118603915744109,0.5658687766551103,-0.6008036393428138,27.557001701375313,1
18.299149574787393,0.8123348673053099,0.594784616251871,-0.2486314427914107,0.6114418083573032,0.4295170895545293,-0.49333668467762465,27.341609684008393,1
18.309154577288645,0.7486716279284111,0.6216565077789641,-0.6616574704014504,0.5431250306929254,0.30547758280408616,0.08343963421133808,26.77348980122685,1
18.319159579789893,1.2221864783416445,0.3980259041176486,-0.4177936595201403,0.7121438872372028,0.2268315251350853,-0.5449818494404598,27.106321970242302,1
18.329164582291146,1.0311430795994008,0.4306508279632008,-0.3328646065893247,0.5906025007202937,0.5077324861964886,-0.4014792091664405,26.599079272992523,1
18.339169584792394,0.7007168242661131,0.6211058342322389,-0.28807297048315283,0.6665201623792172,0.34555017680978684,-0.593991473351102,27.083943556290706,1
18.349174587293646,0.9791137453932836,0.6020887281482107,-0.39794397507596924,0.596299432360195,-0.04283742099367538,-0.47518081827950676,27.078473245219623,1
18.3591795897949,0.6049887014960096,0.25806064363023157,-0.6001291598043577,1.0803626274073679,0.4522111813450369,-0.24478326570115805,26.926771331352437,1
18.369184592296147,0.7666590552149894,0.15738978304353116,-0.7445930089361685,0.4838778787031883,0.18400473023817715,-0.13716043308768003,26.241598623293854,1
18.3791895947974,0.7616943371766058,0.46090574278187046,-0.6429802911015101,0.7604242603345333,0.38546616669852174,-0.31856693045567436,27.19942892691731,1
18.389194597298648,0.4937004675366069,-0.10085807767261591,-0.49416073974500024,0.15293503140611941,0.4323675214554581,-0.4993517216312957,26.81515556133221,1
18.3991995997999,0.8707097202252264,0.13399142080883356,-0.42538450918426135,0.8037283985262523,0.4230270641159239,-0.5328526423174827,26.9931967423538,1
18.40920460230115,0.8264874499175212,0.6775656649459315,-0.4371280057407932,0.39453535070786294,0.42027587456208637,-0.6093744563389246,26.981794370039424,1
18.4192096048024,0.7883283588245558,0.15420127105816914,-0.47523667241895257,0.7783385668649675,0.02806093486871991,-0.2525463082414615,27.10954818974255,1
18.429214607303653,1.1394793036627553,0.12361493351560468,-0.14912124194413764,0.8298167087136177,0.037318974828752044,-0.13929380369460329,26.904146265024288,1
18.4392196098049,1.0844371621061615,0.2736083171972596,-0.8769868421361273,0.47887726523061913,0.023208399728368183,-0.23046371457870946,26.7002439291115,1
18.449224612306153,0.7365169107561709,-0.08303890280868138,-0.44255038906693595,0.8766414765430649,0.09749103624065437,0.030664805036146013,27.357370558554223,1
18.459229614807402,1.2068342967939691,0.38636416143444285,-0.5824830579641336,1.0211205241419117,0.11037143500780036,-0.33437870486851046,27.30730553695799,1
18.469234617308654,0.9097129488919113,-0.1642688225436332,-0.6250774675336517,0.5674367415569641,0.1407871909093789,-0.23767986271426866,27.22486651123354,1
18.479239619809903,0.9413305445107527,-0.131739233637944,-0.1967970961612152,1.1247250270504798,-0.054999104444397234,-0.4599963311045768,26.44755158719906,1
18.489244622311155,0.9951940963268691,0.029063980930750907,-0.575070858885586,0.9811533328729816,0.08516050429721382,-0.4260528964344921,27.253813502666823,1
18.499249624812407,0.6526699784127025,-0.2774196986815947,-0.5473777270162441,0.9167862736687147,-0.08500922227732675,-0.8386433776921566,27.38772267914062,1
18.509254627313656,0.9529813050420401,-0.1697668097707653,-0.5108560463165766,0.8353787783024774,0.24911626103925025,-0.2891348798679354,26.883369374871126,1
18.519259629814908,0.7470015573637723,-0.03316129912435369,-0.6064109391145747,0.968865184120976,0.10918244279167708,-0.2693650493983091,26.947386094703706,1
18.529264632316156,1.2374677682457402,-0.018616261601790716,-0.612983476253807,0.6366315517823815,-0.3429540937896135,-0.36001919166257124,26.867692853842918,1
18.53926963481741,1.043968303379767,-0.16324104215556132,-0.5044205139845911,0.8451775076475206,-0.2340756132676318,-0.5201682284215512,27.427870277423928,1
18.54927463731866,1.1014562318553445,-0.2738999483729517,-0.6662049330090081,1.0588123637939957,0.06884202841181374,-0.5349248102156614,26.91716037405565,1
18.55927963981991,0.765104283285557,-0.22592764608726837,-0.2055024480480093,0.8820489415029269,-0.05772845090480232,-0.9899820201400028,26.95219242757306,1
18.56928464232116,0.8072466719300982,0.12676695715273475,-0.5623442960679028,0.8109223312109105,-0.25046055119645166,0.17574875312068786,27.34503860351809,1
18.57928964482241,0.6763713668294015,-0.23259254403235488,-0.16704947004125906,0.6703834405061626,-0.19548321711885344,-0.36131797484523115,27.41997103235087,1
18.589294647323662,1.216946954491909,-0.30457640965602617,-0.652923525704038,0.5450852538316896,-0.21014235205524143,-0.20679204401465712,27.52409690945265,1
18.59929964982491,0.8360040067253038,-0.7445251690973457,-0.32837083336354256,0.8552253058001776,-0.4650798682370114,-0.28591690692334537,27.406263277573526,1
18.609304652326163,0.8836933320138457,0.08616365001472391,-0.3057925089261499,0.6244498180889335,-0.3702688547178622,-0.4487864687323893,27.246646929797148,1
18.619309654827415,0.9835235876099869,-0.2314813805766567,-0.5588376317066517,0.8375400635790952,-0.3646884890593145,-0.4397516079194343,26.559593505369794,1
18.629314657328663,1.1152556702993413,-0.35195070935596634,-0.5911166454545352,0.7491501692137986,-0.36723286283301343,-0.8915220568155698,27.237346095109267,1
18.639319659829916,0.9937532791006628,-0.1680930643356762,-0.596880618947219,0.8067110550606197,-0.1596915451293374,-0.3451359409829185,26.672773885253328,1
18.649324662331164,0.7426578194892334,-0.28393339122103856,-0.5979768499326888,0.4824026458172811,-0.4121692602294128,-0.6993282061538401,26.891560701250963,1
18.659329664832416,0.8016182584610596,-0.6193952869662382,-0.6449842622836832,0.7983310412403491,-0.5389373785746803,-0.4968808905213704,26.74621990796911,1
18.669334667333665,0.7156714153815845,-0.579172310783823,-0.5296037539128697,0.8791216520037684,-0.35929655394102405,0.00675924354146846,26.867492968671456,1
18.679339669834917,0.7145410735286034,-0.37209901273599616,-0.49937961265895486,1.1225115267296673,-0.6076160296846154,-0.4384795591596032,26.97570362717935,1
18.68934467233617,0.5766806695966773,-1.0247022548159905,-0.6176033158314174,1.0133199799512154,-0.17047446408802244,-0.5903180129307999,27.156232933420203,1
18.699349674837418,0.8117910657151133,-0.5313573714592565,-0.764545042862997,0.7727012602404493,-0.2880561200119349,-0.5761364681063027,26.95284645002095,1
18.70935467733867,0.6868865914586644,-0.7555468056717187,-0.2885857951482705,0.4925889961392447,-0.21296706998612308,-0.2816404259602063,27.30792581314038,1
18.71935967983992,1.234622925472647,-0.8720759699263378,-0.3246197905711158,0.40668528944760673,-0.38948675110807524,-0.27708781435813395,27.072069187731135,1
18.72936468234117,0.7466692828281042,-0.8319882707682951,-0.553638240309314,0.44230566794373294,-0.09380577950112214,-0.3817095759653527,27.332249772035446,1
18.73936968484242,0.9896745816097994,-0.5892069271742887,-0.14786070902488727,0.4193469573719186,-0.603752151387348,-0.1927299973605987,27.551626350273633,1
18.74937468734367,1.0287572093325195,-0.6894451547744618,-0.25375287132766217,0.7326607702740473,-0.544173709634028,-0.36526935399271154,26.84263897829997,1
18.759379689844923,0.77303700392372,-0.8599817534314543,-0.850036270566729,0.14464551541646642,-0.6816154646130564,-0.13486187089158155,26.926033917727203,1
18.769384692346172,0.7778059788528664,-0.7221477370988095,-0.4834633936981052,0.36951995880775307,-0.5661796735238408,-0.7210840581181254,26.771921280088957,1
18.779389694847424,0.8136064692070272,-0.6684175392508899,-0.32409505662286126,0.16278210468680507,-0.6214515376696288,-0.9936109857957347,27.03933365885353,1
18.789394697348673,0.30095499214229243,-0.5698835476169389,-0.28093907702040116,0.4078010724937619,-0.28703505340199315,0.1694243539366731,26.78259773649531,1
18.799399699849925,0.5621229595980293,-0.8810065532793476,-0.47965926819936355,0.3408309609161035,-0.6823537273316944,-0.20876553276517762,26.74786957119909,1
18.809404702351173,0.4844054489263141,-0.7891459718885679,-0.44954449194100016,-0.05377120864551039,-0.7523993314120007,-0.5769836150416074,27.273984185412086,1
18.819409704852426,0.6518553063310488,-0.9930765183642652,-0.3483797399450554,0.7187167389841045,-0.5721881134487334,-0.5396553098353967,27.316254949391194,1
18.829414707353678,0.7005509071178506,-0.9633837954300306,-0.20821983459829255,0.4236949477479966,-0.5465784195977108,-0.5996654118434451,26.400418330033347,1
18.839419709854926,0.31788007462502815,-0.6099893044481046,-0.3860467573224693,0.5419495177230947,-0.3395502272477721,-0.12800160629181745,27.220632985861247,1
18.84942471235618,0.054231015282527065,-0.916130085864555,-0.7926907198347579,0.36988739009250843,-1.006317065969242,-0.22235071044996793,27.34525039490531,1
18.859429714857427,0.4100683506284388,-1.0890286207059017,-0.12321623296945397,0.06357299749864663,-0.7435334730780483,-0.4776462674493165,27.245452657641444,1
18.86943471735868,0.47913480818837384,-0.9475564178283961,-0.40161742731671224,0.31218668519528037,-0.8264865099082576,-0.611086452399708,27.183331828633808,1
18.879439719859928,0.1416109768742086,-0.9182080064527146,-0.7524042203888034,0.256136873898732,-0.9843584872604162,-0.3159736872461272,27.309528571349887,1
18.88944472236118,0.44090521879277206,-0.9474508267013073,-0.6118343110349427,0.330205984236766,-0.8280583180069301,-0.5441167078563417,27.231456759262837,1
18.899449724862432,0.3086801927131617,-0.8034039258988207,-0.43160696991068664,0.21309792543876152,-0.7340296986582842,-0.6238061201202068,27.109075282153857,1
18.90945472736368,0.4111674048954845,-0.9639789036558882,-0.46292864450540516,0.11916616124449744,-0.9349892754176905,-0.22241051179240628,26.94345695433165,1
18.919459729864933,-0.03408237582485854,-1.0016009375596133,-0.3547901183856691,0.1620955717079866,-0.9958393451941548,-0.5411188084844389,27.03969270620656,1
18.92946473236618,0.6595427137925804,-1.003275432847575,-0.48022683920392095,0.03162088320777265,-0.8112532608532572,-0.3991970276465336,26.85898644445354,1
18.939469734867433,0.2512980466326844,-1.0254744005583527,-0.7018309910133991,0.16154220525858326,-1.0495676368585456,-0.09842543337806832,26.97571157257897,1
18.949474737368682,0.36047913714278035,-1.301785122599879,-0.18196350979409506,-0.4214583938531901,-0.8314634654193833,-0.7223653514600659,26.780285176321478,1
18.959479739869934,-0.05458029196171457,-1.1206490769413537,-0.5245199839608702,-0.00023310819383543348,-0.7852251551587818,0.001987099766508493,27.255732379446403,1
18.969484742371186,0.06274619855301149,-1.080850772570614,-0.5029597051007291,0.10867988148694434,-0.2093556653911403,-0.5193298909088074,26.821449300277447,1
18.979489744872435,0.005022605524829632,-0.8991089509885895,-0.5416757692358318,-0.32081962514986156,-0.8335079534299619,-0.7335322426004813,27.208206026118223,1
18.989494747373687,0.28887162394740873,-0.8521757334556305,-0.23415503099668059,-0.33323212634826277,-1.0030466077174265,-0.44260393630856637,27.042467780068737,1
18.999499749874936,0.14183510917157405,-0.9208444477335461,-0.28871500597364297,-0.014902470426168823,-0.8332322081721071,-0.5562439264820006,26.67503949504462,1
19.009504752376188,-0.09266389826994526,-1.0692656400719702,-0.5929092376053839,-0.3415369454042,-1.0262704269567053,-0.577591165323669,27.66203481738453,1
19.01950975487744,-0.39964410269734735,-0.8429828358633911,-0.31678708150093,0.3486222142112664,-1.0421434651066686,-0.6164005954092636,26.801900621159966,1
19.02951475737869,0.005435488406156656,-1.120691985861875,-0.3485378168317937,-0.2588111737062575,-0.6375464485840134,-0.13257534287933195,26.669012177152613,1
19.03951975987994,-0.07518192441263481,-1.1333708990369515,-0.9514519794019385,-0.0916339550023613,-0.996299559247892,-0.25222017729952423,26.79517714655873,1
19.04952476238119,-0.09521633422801083,-0.8477400156548797,-0.6085650336863835,-0.24605029664534947,-0.6523041165506729,-0.15126333403220957,26.90778890409083,1
19.05952976488244,0.06318640443918057,-0.9158376311758206,-0.6705266619827238,-0.26706761318780003,-0.5943100591610333,-0.31623065106828036,26.999194282241028,1
19.06953476738369,-0.32098361846520757,-1.1914247191022125,-0.5928913428362192,-0.21934276833414643,-0.8289612747242451,-0.16673251716687248,26.917136885639902,1
19.079539769884942,0.03552841204764255,-0.6351414700412508,-0.634179585490848,0.1087621144493954,-0.5765666548865647,-0.42755920575760126,26.894334804330764,1
19.089544772386194,-0.6092324720186476,-1.0160589609157074,-0.7003887243978528,-0.3223544746821865,-0.44202243770769156,-0.32174472517733627,27.131853005645734,1
19.099549774887443,-0.2695380490126205,-1.031942381959299,0.08346011673020592,-0.15083015191372226,-0.921563577857306,-0.47052948793642846,27.54188468891478,1
19.109554777388695,-0.18912650697455835,-0.7629810755917107,-0.8801396219563078,-0.43912791902408055,-0.8036628368108699,-0.3667935622627266,26.43725727214571,1
19.119559779889943,-0.06376610630410384,-1.12109294023575,-0.4672526554452807,-0.23901950599108773,-0.6890890688671368,-0.2976225661557702,26.92502445454814,1
19.129564782391196,-0.15949814239800159,-1.1587354851717333,-0.5563554962019736,-0.5868457690864123,-1.0163982094682233,-0.3611480404930239,26.67684995215244,1
19.139569784892444,-0.2918605869423868,-0.8498846824118552,-0.6969735293511721,-0.45232987671110964,-0.6576193553809301,-0.47020012740241945,27.37828550564428,1
19.149574787393696,-0.5605031633303744,-0.7542185122172581,-0.7004471748859173,-0.4466663073710102,-1.1021851779620684,-0.22340224443263912,26.897919096613748,1
19.15957978989495,-0.09130589846606241,-0.8093817353299239,-0.0030682331461127713,-0.4287810116596542,-0.7378524747941213,-0.4047900240534854,27.111150603248426,1
19.169584792396197,-0.397972830369525,-1.015230522181013,-0.7139342694366809,-0.34596255057419023,-0.5172971685343087,-0.39578953843481113,27.04312123134626,1
19.17958979489745,-0.6177110590522991,-0.8507443627448309,-0.6223072519422652,-0.4111742047188207,-0.983249889587367,-0.6255187806343533,26.866457846210597,1
19.189594797398698,-0.6595976831757838,-0.9685289813187647,-0.5695927769642871,-0.5247501086126516,-0.48575597962487616,-0.08202447348987667,27.07156725946254,1
19.19959979989995,-0.6738417271371492,-0.9853062889962967,-0.28354681654956576,-0.4775350449105198,-0.606482802946576,-0.48642099670499833,27.15099863215367,1
19.2096048024012,-0.6317038674641926,-0.7390489735723171,-0.1945699309582463,-0.5283395195196207,-0.7037868001671588,-0.18508990655452412,27.23525105211734,1
19.21960980490245,-0.6315843640659863,-0.9298319940510604,-0.12817645116976992,-0.6109413751503028,-0.755707014828139,-0.06279241908931697,27.248767075691134,1
19.229614807403703,-0.5563310156303023,-0.9503219453402516,-0.35543666529422907,-0.5016331038177642,-0.4050829511154602,-0.06457801152914887,27.12304547031408,1
19.23961980990495,-0.8916137615374959,-0.7390347174825601,-0.4036300739439749,-0.5648249931446753,-0.6762714565233168,-0.43993381425330147,27.4391702358523,1
19.249624812406203,-0.5938886859075974,-0.5480662081256125,-0.7060234472663898,-0.6331589199028331,-0.8630915332393186,-0.2599841446197674,26.77623644806914,1
19.259629814907452,-0.49680526824522736,-0.6514244095290328,-0.30050593170923484,-0.5643522030046675,-0.5022002945091737,-0.24962438016431998,27.768389333031333,1
19.269634817408704,-0.8795133539804637,-0.5428866859580114,-0.18464138998895252,-0.5866318117731923,-0.27736804122585856,-0.4811345485675126,27.029531287177374,1
19.279639819909953,-0.8145539129636394,-0.4373517797962517,-0.2783537311826421,-0.6453837808576646,-0.4073201418666484,0.09499061528003191,27.11542516013004,1
19.289644822411205,-0.31911355199643626,-0.5857034865599092,-0.3737340277618601,-0.4220690001613802,-0.6772695605329521,-0.2746109258798261,26.655701211615675,1
19.299649824912457,-0.7338316538559607,-0.6746094028565119,-0.3924902148436667,-0.4219382647082146,-0.7279881886615553,-0.40156654821377274,26.968499549128765,1
19.309654827413706,-0.9760191488621138,-0.5344593373342766,-0.7287829037536957,-0.9491661553800453,-0.33745498452842515,0.01365173725577157,27.40808849788497,1
19.319659829914958,-1.0204449748814413,-0.5188719293798728,-0.4235510496852893,-0.4552159671962821,-0.3828220570889604,-0.15935752674334872,26.626669185675393,1
19.329664832416206,-0.8776013204659068,-0.5034988660857771,-0.45173883695773576,-0.705461599039922,-0.6443122425658725,0.014799016828340311,26.62882350513761,1
19.33966983491746,-0.9068043389412394,-0.7501915554072693,-0.5115777455406036,-0.6714929085437483,-0.7337729448994144,-0.6822606969949518,26.460048139383467,1
19.349674837418707,-0.9873415298213216,-0.4300409880194049,-0.14817217443019795,-0.9491381491836718,-0.15081659017032795,-0.27645542809967466,26.555378017355274,1
19.35967983991996,-0.8729192752559856,-0.6080554575236663,-0.05738391656431248,-0.31102509148410373,-0.447324645756238,-0.5309479127502092,27.094592888031176,1
19.36968484242121,-0.8646750171887333,-0.8421385802779903,-0.41417618236616527,-0.6786981674836058,-0.38283185133131636,-0.5149716144293016,26.70093987157294,1
19.37968984492246,-1.0498824802784679,-0.1266527666804487,-0.1406280440586244,-1.0503354390616362,-0.02175704577279173,-0.0972652658835283,27.45038306505352,1
19.389694847423712,-1.0415498816248205,-0.18061809963499934,-0.43931915875228633,-0.9454563307620442,-0.08950647271384149,-0.18043973389496784,26.858750887048867,1
19.39969984992496,-0.8428687228529868,-0.2865669874788244,-0.41280903427480453,-0.8360505300047956,-0.03242257998473547,-0.20597285409014005,27.127037499549118,1
19.409704852426213,-0.8543482288440927,0.13483530558252793,-0.18021691823967378,-0.6595348673076402,-0.11290108191977766,-0.4151208413032091,26.94500494739301,1
19.419709854927465,-1.1863925836337665,-0.363942607966301,-0.44176293031866753,-0.5688358638720424,0.07615186142298308,-0.08883992213008784,27.106809740138143,1
19.429714857428714,-0.8026976671586743,-0.5028466299406208,-0.2673964720016828,-0.9566900574306734,-0.3675610077197808,-0.24113188134871943,26.845801116501498,1
19.439719859929966,-1.0353364496690824,-0.36527974577464584,-0.43072857921606483,-0.891213306339183,-0.18995490112216812,-0.3779174168666135,27.3554087393643,1
19.449724862431214,-1.052634924874996,-0.24965699192929436,-0.584473126903996,-0.6150961352423403,-0.04949858021562439,0.051127032925007546,26.76534397679937,1
19.459729864932466,-0.959364720828895,0.08538855713013657,-0.37667080974364453,-0.7245477208185934,0.07775357850595035,-0.13543993036134164,27.03839650910318,1
19.469734867433715,-1.0170859833637302,-0.24712723610859502,-0.21678938070393966,-0.6821189018913245,0.20823317494997454,-0.18809648700918238,27.25572266333946,1
19.479739869934967,-0.9192269340930608,0.14639350949625266,-0.5556275270048046,-0.9559346347561813,-0.0628344755146463,-0.2480937054323569,27.337937327138746,1
19.48974487243622,-0.9710267997720742,0.198511858753245,0.11251403106794276,-0.4009699449839648,0.07708496017699738,-0.01582978397413726,27.087261357193224,1
19.499749874937468,-1.129170865300869,-0.13025262826115347,-0.494564804601357,-0.6102809810374237,-0.002398336626197448,-0.49781445132727703,27.37947476849169,1
19.50975487743872,-0.7986712592257542,0.2520351946108854,-0.3536071273775417,-0.8259541508134937,-0.21769724418201528,-0.06731314666663706,27.27059951346303,1
19.51975987993997,-1.086233777392362,0.064201423850346,-0.32924736737631033,-0.999882097112475,0.036833665827840735,-0.18373541052901055,26.595694560015755,1
19.52976488244122,-0.9694680265917444,0.21657820182485119,0.05834173286619836,-1.0139344919879418,0.014849268361365945,-0.012810017905241585,26.96642499444024,1
19.53976988494247,-0.8009948142737947,-0.4570510171065277,-0.26903609142551166,-0.6154750232059392,0.21215239669010807,0.14133895112260067,26.442728566449926,1
19.54977488744372,-0.8566731247884678,-0.11917693943258195,-0.1226723074350617,-0.9478280139384454,0.11876396145939476,-0.24432557952902065,27.19770778560633,1
19.559779889944974,-1.2936124122367687,0.10432603245628107,-0.20468011179760914,-0.7309162294078468,0.03842006930904838,-0.43914448149886304,27.074467652223102,1
19.569784892446222,-0.9812752337476874,0.28306890920153055,-0.13561969633762844,-1.1840598293254185,0.559576856958227,-0.01616589949662442,26.982595471681822,1
19.579789894947474,-1.0569541050042015,0.2981641322535715,-0.5802598503168797,-0.8069091291112943,0.36917703208687824,-0.06765409606838234,26.702872091388176,1
19.589794897448723,-0.7277385047396758,0.3824857719224015,-0.12044594786182802,-0.8857611845106074,0.056831099634109206,0.041543157823578446,26.898238570437034,1
19.599799899949975,-0.8924117706003794,0.43179215175777597,0.12405556937015641,-0.5692671404817721,0.3525351294222601,-0.2222352032798299,27.124521752909725,1
19.609804902451224,-0.9749714644674677,0.5785044067908982,-0.2858627717298222,-1.121135081899154,-0.22721556416927285,-0.016883013380279577,26.821553906863777,1
19.619809904952476,-0.9229115104218756,0.3700308630900383,0.13931688321957167,-0.7129476639311658,0.1340597414794545,-0.28799116592031093,27.470905704293326,1
19.629814907453728,-0.8513595120444499,0.06120584788456347,-0.4534478225608174,-0.5414433883238621,0.22358090909219402,-0.3204980708961581,26.80956135536873,1
19.639819909954976,-1.2270107418026854,0.5047325501591281,-0.4107355296295201,-0.7132872830533423,0.310470391101729,0.1676534613898891,27.591203517439947,1
19.64982491245623,-0.6357598325452352,0.23920094733246813,-0.30100566583991034,-0.41409794546066375,0.1513653737735508,-0.33032986758628147,26.933518982945206,1
19.659829914957477,-0.5310672527951903,0.8139883311006152,-0.12728261384026654,-0.6972339964787205,0.49675967583703273,-0.1057936777508029,26.913299634419634,1
19.66983491745873,-0.8363675948150492,0.23151943939194053,-0.5082926990522685,-1.1875275506927585,0.25346314139540405,-0.532120938997273,26.61805158175203,1
19.679839919959978,-0.6187379469238772,0.516283278597635,-0.14689416258360066,-0.7607568927183462,0.5207859789706523,-0.07015822592945586,27.211768258831366,1
19.68984492246123,-0.640707348587191,0.3736406317242942,-0.1250593246159504,-0.10371924946917901,0.2144898682473186,0.3035053287296349,27.014254390428388,1
19.699849924962482,-0.9998123109609262,0.686695796101525,-0.3826078001001134,-0.6377618790344121,0.5790522190648995,-0.2562402182602178,26.83479574600297,1
19.70985492746373,-0.8164569337263737,0.4335913710847399,-0.2532185293692474,-0.702426641974986,0.507067253996488,0.03834128351909143,27.085645848806415,1
19.719859929964983,-0.9849432503763705,0.4379180462885432,0.22572641213426375,-0.4446922179803499,0.5812816241469752,-0.15359088656866057,27.08440696126151,1
19.72986493246623,-0.7603667618008314,0.8446035630157848,-0.2182017131346922,-0.6059725470120473,0.5368405776106155,-0.12785256010599583,26.535688079627644,1
19.739869934967484,-0.6577539722512286,0.7531730359083872,-0.4483354253363397,-0.6961944190050129,0.6258506791529582,-0.12133537557099773,26.9641636796231,1
19.749874937468732,-0.8354093516298052,0.22964603836696804,0.15002248823313705,-0.5210998178556162,0.7648116618588671,0.1903391927346841,26.7750091416082,1
19.759879939969984,-0.8557581166173882,0.5414046575180302,-0.2948894005033604,-0.3346870417677459,0.7008451742042905,0.3055972646023957,26.848618621354507,1
19.769884942471236,-0.800492944968773,0.4548886407905632,-0.16914624266615225,-0.4583740113926142,0.6915167084306537,-0.03043349296162941,26.802171933835105,1
19.779889944972485,-0.637604489619852,0.613881337665416,-0.1603918971354703,-0.3273749826958484,0.6557226599003511,-0.2308859089427262,27.300816424553194,1
19.789894947473737,-0.5756399695956572,0.6508558829189468,-0.2618235309472239,-0.31861223051712484,0.5708082342351937,0.27030993640403134,27.164925366493524,1
19.799899949974986,-0.5552463362516039,1.0883062713069722,-0.41492528536844364,-0.3709833062038387,0.7408456671743169,-0.09551784841782832,26.822553522878724,1
19.809904952476238,-0.3259080215542576,1.2999664955414214,-0.4741267969023646,-0.4831815521900417,0.4636865303711214,-0.11960751689302564,26.73697433055863,1
19.819909954977486,-0.35400127425642114,0.9405496120012896,-0.1558498103488916,-0.19685834841672775,0.5545150821212369,0.14460500117479436,26.581232929660914,1
19.82991495747874,-0.30720430336367804,1.1717100663424302,-0.11376258086640689,-0.2653914321913804,0.8803799139450601,-0.32024641205023896,26.569213506591595,1
19.83991995997999,-0.5240603485533076,0.8764730214404302,-0.032792612879685726,-0.3675820794224465,0.7289437750157937,-0.23416641160477106,27.67753823884639,1
19.84992496248124,-0.20998107342315644,0.417581877849328,0.08443766781917256,-0.15896902428424953,0.6808634407741015,-0.18165144028514008,27.20105017863914,1
19.85992996498249,-0.43034877379957764,1.0441272463683093,-0.09658102874863184,-0.4050218669369302,0.5415675119663368,-0.00994043085380602,27.71768951510093,1
19.86993496748374,-0.24460306922558658,0.7293653143407796,-0.038763951815286996,0.02726474634384611,0.5490415139354696,0.09970797764378948,26.731293446491268,1
19.879939969984992,-0.21819052522751553,0.7620432526117262,-0.1849464739906871,-0.23559865626144885,0.694206360617026,0.1818655335817936,27.448201574312264,1
19.889944972486244,-0.23308771342886858,1.1772490055478262,0.11942615265375796,-0.4043071523164715,0.5861754057436666,-0.05753364065920056,27.165602493094735,1
19.899949974987493,-0.19864101603233322,0.8203236439845097,0.01707452576385177,-0.24633417236830382,0.6999510373074722,0.2324505196777517,26.599360411965563,1
19.909954977488745,-0.026522566629200058,0.9347913717748665,0.13367052370428645,-0.153999985514507,1.0757570018234854,-0.0466091427052978,26.802533326874943,1
19.919959979989994,-0.08614570727837878,0.7680446551328021,0.08948885684381022,0.09559470352526638,0.5770729239316336,-0.2766882374396587,26.897500414914074,1
19.929964982491246,-0.07495849575807423,0.8284456504103638,0.1923640907906279,-0.12939713761223134,0.9899185435774938,-0.0114639327613731,26.444297249067038,1
19.939969984992494,-0.13752631752120054,0.6660623605950411,0.013122928218213745,-0.34868267749774906,0.41989515799316807,-0.28957838859630536,26.989511791153987,1
19.949974987493746,0.10061439360828103,0.9982281602242681,-0.4185199783628276,-0.48244304632749174,0.9931466105030211,-0.15963435637312082,27.15284845849666,1
19.959979989995,0.14239351758781638,0.8309193468511294,0.09041554390876518,-0.3497361248098725,1.261507397994937,0.029778855610185978,27.146988692835816,1
19.969984992496247,0.09815671967654795,1.3434023973412474,-0.0711996023802085,0.017896075215018414,0.5398755309978187,-0.09049930527429065,27.009744616425973,1
19.9799899949975,-0.25626181790720226,0.47667819965385894,0.09845816763543777,-0.18657819095336498,0.6534298945537624,0.17902008706129194,27.04751758672574,1
19.989994997498748,0.22901982482355882,1.2161592673795778,-0.18352013761359354,-0.2373813899182909,0.6500227102126901,0.1380460840366494,27.28877759485374,1
20.0,0.10176679067435995,1.0153456162844872,-0.184936356668895,-0.1341077394668708,0.718684047947077,-0.09284326307641999,27.270747496667354,1
